{
    "model_name": "HistGradientBoostingClassifier_baseline_32_sic",
    "meta_runtime": 40.68839144706726,
    "model_params": {
        "categorical_features": null,
        "early_stopping": "auto",
        "l2_regularization": 0.0,
        "learning_rate": 0.01,
        "loss": "log_loss",
        "max_bins": 255,
        "max_depth": 5,
        "max_iter": 300,
        "max_leaf_nodes": 31,
        "min_samples_leaf": 20,
        "monotonic_cst": null,
        "n_iter_no_change": 10,
        "random_state": null,
        "scoring": "loss",
        "tol": 1e-07,
        "validation_fraction": 0.1,
        "verbose": 0,
        "warm_start": false
    },
    "meta_trainval_counts": [
        [
            44367,
            9377
        ],
        [
            35000,
            7500
        ],
        [
            28277,
            1602
        ],
        [
            18326,
            3342
        ],
        [
            18294,
            4435
        ],
        [
            35000,
            7500
        ],
        [
            16469,
            5908
        ],
        [
            35000,
            7500
        ],
        [
            35000,
            7500
        ],
        [
            35000,
            7500
        ],
        [
            35000,
            7500
        ],
        [
            35000,
            7500
        ]
    ],
    "perf_model_accuracy_train": 0.4191749857714312,
    "perf_f1_train": [
        0.44069183274317053,
        0.29969161760583124,
        0.4703158090716563,
        0.3323439756136692,
        0.24536008054558234,
        0.36564024903247516,
        0.3762950963517937,
        0.29044813958690624,
        0.2239413406881706,
        0.6280615782904164,
        0.32013849173841136,
        0.6403274429548296
    ],
    "perf_macro_f1_w_train": 0.398544312988496,
    "perf_macro_f1_avg_train": 0.38610463785190946,
    "perf_confusion_train": [
        [
            33964,
            2357,
            2202,
            300,
            775,
            1429,
            1221,
            298,
            1570,
            93,
            155,
            3
        ],
        [
            10654,
            6458,
            2840,
            1208,
            1196,
            3809,
            2164,
            1750,
            3062,
            872,
            519,
            468
        ],
        [
            5230,
            1523,
            8286,
            342,
            374,
            5677,
            617,
            2592,
            2477,
            651,
            288,
            220
        ],
        [
            1604,
            1450,
            646,
            4276,
            1222,
            4202,
            1982,
            1276,
            1061,
            285,
            145,
            177
        ],
        [
            3941,
            1533,
            1033,
            444,
            5575,
            3272,
            1102,
            393,
            648,
            153,
            162,
            38
        ],
        [
            2166,
            1532,
            3002,
            1736,
            1183,
            17237,
            2070,
            2358,
            1407,
            778,
            888,
            643
        ],
        [
            2662,
            720,
            514,
            844,
            497,
            2866,
            6519,
            944,
            800,
            85,
            11,
            7
        ],
        [
            1261,
            699,
            1566,
            348,
            195,
            2330,
            1535,
            9738,
            4740,
            4145,
            4683,
            3760
        ],
        [
            1922,
            898,
            1247,
            540,
            266,
            1833,
            1706,
            5400,
            10356,
            3729,
            4627,
            2476
        ],
        [
            229,
            261,
            188,
            98,
            33,
            421,
            215,
            4277,
            2303,
            6658,
            13897,
            6420
        ],
        [
            132,
            180,
            45,
            56,
            18,
            104,
            53,
            1893,
            1010,
            5036,
            20209,
            6264
        ],
        [
            23,
            30,
            18,
            18,
            3,
            47,
            5,
            1136,
            263,
            1977,
            5354,
            26126
        ]
    ],
    "perf_kappa_train": 0.3599758975580516,
    "perf_within_class_accuracy_train": [
        0.7655239254400793,
        0.18451428571428571,
        0.29302967075715247,
        0.23332969551456947,
        0.3047447250464633,
        0.4924857142857143,
        0.39583459833626816,
        0.27822857142857144,
        0.2958857142857143,
        0.19022857142857144,
        0.5774,
        0.7464571428571428
    ],
    "perf_model_accuracy_val": 0.3954693898709243,
    "perf_f1_val": [
        0.44371280232999877,
        0.19589900016946282,
        0.4516579406631762,
        0.09268528984337156,
        0.24076100681875579,
        0.40635771734967446,
        0.2627028666767784,
        0.2792631352591212,
        0.205057768441464,
        0.6156200765248707,
        0.32306422775409155,
        0.6311090497999885
    ],
    "perf_macro_f1_w_val": 0.381672656177518,
    "perf_macro_f1_avg_val": 0.34565757346922954,