{
    "model_name": "HistGradientBoostingClassifier_baseline-wx_16_sic",
    "meta_runtime": 54.41278004646301,
    "model_params": {
        "categorical_features": null,
        "early_stopping": "auto",
        "l2_regularization": 0.0,
        "learning_rate": 0.05,
        "loss": "log_loss",
        "max_bins": 255,
        "max_depth": 10,
        "max_iter": 300,
        "max_leaf_nodes": 31,
        "min_samples_leaf": 20,
        "monotonic_cst": null,
        "n_iter_no_change": 10,
        "random_state": null,
        "scoring": "loss",
        "tol": 1e-07,
        "validation_fraction": 0.1,
        "verbose": 0,
        "warm_start": false
    },
    "meta_trainval_counts": [
        [
            61898,
            12876
        ],
        [
            35000,
            7500
        ],
        [
            35000,
            7500
        ],
        [
            35000,
            7500
        ],
        [
            35000,
            7500
        ],
        [
            35000,
            7500
        ],
        [
            35000,
            7500
        ],
        [
            35000,
            7500
        ],
        [
            35000,
            7500
        ],
        [
            35000,
            7500
        ],
        [
            35000,
            7500
        ],
        [
            35000,
            7500
        ]
    ],
    "perf_model_accuracy_train": 0.7389381917126503,
    "perf_f1_train": [
        0.6515771731278593,
        0.8060274578050329,
        0.6438621040580078,
        0.7132063899188714,
        0.6987718555266501,
        0.8023852337634862,
        0.8950983107172528,
        0.5724704035581136,
        0.5273367770879738,
        0.9293578830495929,
        0.6147621305516042,
        0.780552754724786
    ],
    "perf_macro_f1_w_train": 0.7322412830766551,
    "perf_macro_f1_avg_train": 0.7196173728241025,
    "perf_confusion_train": [
        [
            60267,
            836,
            294,
            62,
            214,
            4,
            128,
            15,
            71,
            2,
            3,
            2
        ],
        [
            3903,
            23100,
            2878,
            1065,
            1206,
            256,
            784,
            312,
            1061,
            301,
            110,
            24
        ],
        [
            1618,
            2053,
            25582,
            853,
            814,
            1455,
            834,
            636,
            1020,
            93,
            41,
            1
        ],
        [
            266,
            1025,
            566,
            29179,
            846,
            1045,
            1218,
            297,
            367,
            125,
            34,
            32
        ],
        [
            359,
            701,
            422,
            433,
            32322,
            243,
            374,
            41,
            90,
            11,
            4,
            0
        ],
        [
            175,
            1028,
            2684,
            2693,
            899,
            20295,
            2348,
            1559,
            1077,
            1025,
            930,
            287
        ],
        [
            332,
            507,
            503,
            1111,
            392,
            964,
            30343,
            419,
            334,
            71,
            15,
            9
        ],
        [
            246,
            783,
            1809,
            864,
            306,
            1790,
            2385,
            17505,
            2508,
            2639,
            2411,
            1754
        ],
        [
            563,
            967,
            1697,
            887,
            172,
            892,
            1849,
            2337,
            19448,
            2929,
            2320,
            939
        ],
        [
            64,
            82,
            250,
            187,
            35,
            294,
            335,
            1912,
            1516,
            16691,
            9282,
            4352
        ],
        [
            3,
            25,
            52,
            56,
            11,
            52,
            29,
            748,
            644,
            3306,
            25307,
            4767
        ],
        [
            2,
            9,
            1,
            12,
            3,
            5,
            5,
            375,
            134,
            1110,
            3153,
            30191
        ]
    ],
    "perf_kappa_train": 0.7139209559895953,
    "perf_within_class_accuracy_train": [
        0.9736501987140134,
        0.66,
        0.7309142857142857,
        0.8336857142857143,
        0.9234857142857142,
        0.5798571428571428,
        0.8669428571428571,
        0.5001428571428571,
        0.5556571428571428,
        0.4768857142857143,
        0.7230571428571428,
        0.8626
    ],
    "perf_model_accuracy_val": 0.4656727059218252,
    "perf_f1_val": [
        0.4991362126245848,
        0.3028824833702882,
        0.4627055825804957,
        0.36415722851432375,
        0.3043508624903974,
        0.46703673673049334,
        0.5339427543833358,
        0.2545236128838501,
        0.26330328583890666,
        0.7883671525895538,
        0.30323933184553997,
        0.6910521371535933
    ],
    "perf_macro_f1_w_val": 0.456073772960301,
    "perf_macro_f1_avg_val": 0.43622478175044693,