{
    "model_name": "HistGradientBoostingClassifier_baseline_64_mor",
    "meta_runtime": 10.558645963668823,
    "model_params": {
        "categorical_features": null,
        "early_stopping": "auto",
        "l2_regularization": 0.0,
        "learning_rate": 0.1,
        "loss": "log_loss",
        "max_bins": 255,
        "max_depth": 10,
        "max_iter": 200,
        "max_leaf_nodes": 31,
        "min_samples_leaf": 20,
        "monotonic_cst": null,
        "n_iter_no_change": 10,
        "random_state": null,
        "scoring": "loss",
        "tol": 1e-07,
        "validation_fraction": 0.1,
        "verbose": 0,
        "warm_start": false
    },
    "meta_trainval_counts": [
        [
            859,
            223
        ],
        [
            2074,
            503
        ],
        [
            3549,
            863
        ],
        [
            2505,
            592
        ],
        [
            952,
            225
        ],
        [
            3643,
            942
        ],
        [
            1882,
            468
        ],
        [
            5353,
            1326
        ],
        [
            3660,
            946
        ],
        [
            4570,
            1164
        ],
        [
            5070,
            1247
        ],
        [
            3867,
            997
        ]
    ],
    "perf_model_accuracy_train": 0.9165438079191238,
    "perf_f1_train": [
        0.9455754050685501,
        0.9890285258328347,
        0.8510010148537688,
        0.9793296089385476,
        0.9901133349409211,
        0.9690721649484536,
        0.9905063291139241,
        0.9132343326795554,
        0.8108432289792492,
        0.9906542056074765,
        0.9223934471747881,
        0.8903144654088049
    ],
    "perf_macro_f1_w_train": 0.9160854422389857,
    "perf_macro_f1_avg_train": 0.9368388386289063,
    "perf_confusion_train": [
        [
            848,
            5,
            2,
            1,
            0,
            0,
            1,
            0,
            2,
            0,
            0,
            0
        ],
        [
            1,
            2053,
            5,
            3,
            2,
            2,
            1,
            1,
            5,
            0,
            0,
            1
        ],
        [
            1,
            6,
            3506,
            4,
            0,
            10,
            0,
            15,
            4,
            3,
            0,
            0
        ],
        [
            1,
            0,
            1,
            2479,
            0,
            11,
            0,
            5,
            7,
            1,
            0,
            0
        ],
        [
            0,
            1,
            2,
            4,
            939,
            0,
            0,
            5,
            1,
            0,
            0,
            0
        ],
        [
            0,
            2,
            25,
            3,
            1,
            3414,
            20,
            103,
            38,
            34,
            2,
            1
        ],
        [
            0,
            0,
            4,
            1,
            1,
            8,
            1833,
            24,
            6,
            4,
            0,
            1
        ],
        [
            0,
            0,
            38,
            7,
            1,
            89,
            34,
            4889,
            86,
            142,
            57,
            10
        ],
        [
            0,
            4,
            15,
            5,
            0,
            18,
            10,
            140,
            3322,
            95,
            49,
            2
        ],
        [
            1,
            2,
            11,
            1,
            0,
            24,
            2,
            161,
            64,
            3380,
            749,
            175
        ],
        [
            1,
            0,
            2,
            0,
            0,
            1,
            0,
            11,
            5,
            84,
            4612,
            354
        ],
        [
            0,
            0,
            0,
            0,
            0,
            1,
            0,
            0,
            3,
            24,
            300,
            3539
        ]
    ],
    "perf_kappa_train": 0.9071820452207664,
    "perf_within_class_accuracy_train": [
        0.9871944121071012,
        0.9898746383799422,
        0.987883910960834,
        0.9896207584830339,
        0.9863445378151261,
        0.93713972001098,
        0.9739638682252922,
        0.9133196338501774,
        0.9076502732240437,
        0.7396061269146609,
        0.9096646942800789,
        0.9151797258856995
    ],
    "perf_model_accuracy_val": 0.7138795282224094,
    "perf_f1_val": [
        0.754696132596685,
        0.9113924050632911,
        0.5739750445632799,
        0.8782458165031736,
        0.8984063745019921,
        0.7864184008762322,
        0.9244851258581236,
        0.6928389676481278,
        0.4541484716157205,
        0.8857142857142857,
        0.7456896551724138,
        0.6732771442736738
    ],
    "perf_macro_f1_w_val": 0.7133129482549714,
    "perf_macro_f1_avg_val": 0.76494065203225,
    "perf_confusion_val": [
        [
            186,
            20,
            9,
            1,
            0,
            2,
            0,
            2,
            3,
            0,
            0,
            0
        ],
        [
            6,
            451,
            13,
            2,
            3,
            9,
            1,
            11,
            6,
            1,
            0,
            0
        ],
        [
            1,
            8,
            761,
            6,
            0,
            27,
            2,
            41,
            9,
            6,
            2,
            0
        ],
        [
            1,
            2,
            7,
            540,
            2,
            13,
            3,
            10,
            10,
            3,
            1,
            0
        ],
        [
            1,
            1,
            2,
            4,
            202,
            3,
            1,
            6,
            4,
            1,
            0,
            0
        ],
        [
            0,
            6,
            13,
            16,
            3,
            683,
            20,
            110,
            36,
            40,
            14,
            1
        ],
        [
            0,
            2,
            14,
            6,
            0,
            14,
            359,
            44,
            17,
            10,
            2,
            0
        ],
        [
            1,
            5,
            35,
            8,
            1,
            75,
            31,
            953,
            64,
            101,
            45,
            7
        ],
        [
            1,
            2,
            10,
            5,
            1,
            13,
            11,
            101,
            692,
            64,
            41,
            5
        ],
        [
            0,
            4,
            4,
            5,
            0,
            27,
            15,
            126,
            50,
            468,
            372,
            93
        ],
        [
            0,
            0,
            2,
            0,
            0,
            1,
            1,
            18,
            18,
            167,
            805,
            235
        ],
        [
            0,
            0,
            0,
            0,
            0,
            1,
            1,
            3,
            1,
            36,
            276,
            679
        ]
    ],
    "perf_kappa_val": 0.681270305857876,