{
    "model_name": "HistGradientBoostingClassifier_baseline-wx_32_bic",
    "meta_runtime": 21.302934885025024,
    "model_params": {
        "categorical_features": null,
        "early_stopping": "auto",
        "l2_regularization": 0.0,
        "learning_rate": 0.01,
        "loss": "log_loss",
        "max_bins": 255,
        "max_depth": 10,
        "max_iter": 300,
        "max_leaf_nodes": 31,
        "min_samples_leaf": 20,
        "monotonic_cst": null,
        "n_iter_no_change": 10,
        "random_state": null,
        "scoring": "loss",
        "tol": 1e-07,
        "validation_fraction": 0.1,
        "verbose": 0,
        "warm_start": false
    },
    "meta_trainval_counts": [
        [
            464,
            119
        ],
        [
            686,
            172
        ],
        [
            703,
            176
        ],
        [
            441,
            111
        ],
        [
            294,
            74
        ],
        [
            2896,
            725
        ],
        [
            432,
            108
        ],
        [
            6482,
            1621
        ],
        [
            4012,
            1004
        ],
        [
            16806,
            4202
        ],
        [
            19061,
            4766
        ],
        [
            19423,
            4856
        ]
    ],
    "perf_model_accuracy_train": 0.623068340306834,
    "perf_f1_train": [
        0.1883435582822086,
        0.43262411347517726,
        0.6389818145232287,
        0.2916160388821385,
        0.3925233644859813,
        0.437613019891501,
        0.5359801488833748,
        0.5502225559071164,
        0.5188151021301886,
        0.49105691056910566,
        0.2614148540074466,
        0.8217870257037942
    ],
    "perf_macro_f1_w_train": 0.6033574902651057,
    "perf_macro_f1_avg_train": 0.4634148755617718,
    "perf_confusion_train": [
        [
            151,
            0,
            0,
            0,
            0,
            3,
            0,
            261,
            20,
            26,
            2,
            1
        ],
        [
            0,
            168,
            0,
            0,
            0,
            3,
            0,
            397,
            40,
            67,
            6,
            5
        ],
        [
            0,
            0,
            120,
            0,
            0,
            4,
            0,
            457,
            25,
            83,
            9,
            5
        ],
        [
            0,
            0,
            0,
            122,
            0,
            1,
            0,
            256,
            16,
            38,
            7,
            1
        ],
        [
            0,
            1,
            0,
            0,
            108,
            0,
            0,
            144,
            14,
            22,
            5,
            0
        ],
        [
            0,
            1,
            0,
            0,
            0,
            307,
            0,
            1944,
            151,
            427,
            43,
            23
        ],
        [
            0,
            0,
            0,
            0,
            0,
            2,
            121,
            241,
            14,
            49,
            2,
            3
        ],
        [
            0,
            0,
            0,
            1,
            1,
            13,
            0,
            5130,
            114,
            1076,
            92,
            55
        ],
        [
            0,
            0,
            0,
            0,
            0,
            20,
            0,
            2625,
            667,
            635,
            33,
            32
        ],
        [
            0,
            0,
            0,
            0,
            0,
            10,
            0,
            641,
            24,
            8293,
            5989,
            1849
        ],
        [
            0,
            0,
            0,
            0,
            0,
            1,
            0,
            57,
            5,
            3628,
            12702,
            2668
        ],
        [
            0,
            0,
            0,
            0,
            0,
            0,
            0,
            12,
            1,
            819,
            1806,
            16785
        ]
    ],
    "perf_kappa_train": 0.5144303859468151,
    "perf_within_class_accuracy_train": [
        0.3254310344827586,
        0.24489795918367346,
        0.17069701280227595,
        0.2766439909297052,
        0.3673469387755102,
        0.10600828729281768,
        0.2800925925925926,
        0.7914224004936747,
        0.16625124626121635,
        0.4934547185528978,
        0.6663868632285819,
        0.864181640323328
    ],
    "perf_model_accuracy_val": 0.5361882457901194,
    "perf_f1_val": [
        0.06690561529271208,
        0.0,
        0.567128476029104,
        0.0,
        0.0,
        0.0,
        0.0,
        0.46353961371698854,
        0.41664552144125855,
        0.0,
        0.05749128919860627,
        0.769702363294769
    ],
    "perf_macro_f1_w_val": 0.5045711505123303,
    "perf_macro_f1_avg_val": 0.19511773991445322,
    "perf_confusion_val": [
        [
            0,
            1,
            0,
            0,
            0,
            3,
            0,
            94,
            5,
            12,
            4,
            0
        ],
        [
            0,
            0,
            0,
            0,
            0,
            5,
            0,
            113,
            5,
            39,
            6,
            4
        ],
        [
            0,
            0,
            0,
            0,
            0,
            4,
            0,
            137,
            4,
            25,
            3,
            3
        ],
        [
            0,
            0,
            0,
            0,
            0,
            1,
            0,
            93,
            4,
            12,
            0,
            1
        ],
        [
            0,
            0,
            0,
            0,
            0,
            1,
            0,
            51,
            2,
            20,
            0,
            0
        ],
        [
            0,
            1,
            1,
            2,
            1,
            28,
            0,
            526,
            24,
            108,
            20,
            14
        ],
        [
            0,
            0,
            0,
            0,
            0,
            4,
            0,
            79,
            3,
            19,
            1,
            2
        ],
        [
            0,
            3,
            1,
            0,
            0,
            32,
            2,
            1176,
            43,
            288,
            50,
            26
        ],
        [
            0,
            5,
            1,
            0,
            0,
            27,
            0,
            747,
            33,
            160,
            16,
            15
        ],
        [
            0,
            0,
            1,
            1,
            1,
            6,
            0,
            383,
            12,
            1642,
            1633,
            523
        ],
        [
            0,
            0,
            0,
            0,
            0,
            1,
            0,
            45,
            7,
            1091,
            2845,
            777
        ],
        [
            0,
            0,
            0,
            0,
            0,
            0,
            0,
            9,
            2,
            264,
            689,
            3892
        ]
    ],
    "perf_kappa_val": 0.40260284208766617,