{
    "model_name": "HistGradientBoostingClassifier_baseline_8_mor",
    "meta_runtime": 17.144679307937622,
    "model_params": {
        "categorical_features": null,
        "early_stopping": "auto",
        "l2_regularization": 0.0,
        "learning_rate": 0.01,
        "loss": "log_loss",
        "max_bins": 255,
        "max_depth": null,
        "max_iter": 300,
        "max_leaf_nodes": 31,
        "min_samples_leaf": 20,
        "monotonic_cst": null,
        "n_iter_no_change": 10,
        "random_state": null,
        "scoring": "loss",
        "tol": 1e-07,
        "validation_fraction": 0.1,
        "verbose": 0,
        "warm_start": false
    },
    "meta_trainval_counts": [
        [
            6530,
            1675
        ],
        [
            3487,
            896
        ],
        [
            4362,
            1067
        ],
        [
            3049,
            739
        ],
        [
            1880,
            447
        ],
        [
            4383,
            1079
        ],
        [
            1981,
            511
        ],
        [
            6329,
            1518
        ],
        [
            4889,
            1225
        ],
        [
            6308,
            1620
        ],
        [
            6605,
            1649
        ],
        [
            4281,
            1098
        ]
    ],
    "perf_model_accuracy_train": 0.38835884919754454,
    "perf_f1_train": [
        0.3402637519306166,
        0.2164900967296177,
        0.5041257979137473,
        0.2595920696049066,
        0.2097428958051421,
        0.2153225806451613,
        0.29567854435178165,
        0.30874744314763564,
        0.24568921538618507,
        0.5810004589261129,
        0.20810577752227652,
        0.605887722501141
    ],
    "perf_macro_f1_w_train": 0.35567610804023553,
    "perf_macro_f1_avg_train": 0.332553862872027,
    "perf_confusion_train": [
        [
            5064,
            91,
            168,
            64,
            31,
            103,
            22,
            569,
            169,
            99,
            133,
            17
        ],
        [
            1331,
            465,
            212,
            98,
            55,
            197,
            22,
            625,
            163,
            128,
            168,
            23
        ],
        [
            991,
            77,
            910,
            96,
            55,
            427,
            20,
            1013,
            236,
            199,
            310,
            28
        ],
        [
            578,
            59,
            232,
            470,
            62,
            324,
            42,
            817,
            122,
            114,
            211,
            18
        ],
        [
            397,
            61,
            152,
            94,
            390,
            230,
            17,
            359,
            74,
            45,
            51,
            10
        ],
        [
            503,
            60,
            289,
            126,
            62,
            1432,
            39,
            1214,
            92,
            170,
            372,
            24
        ],
        [
            284,
            20,
            118,
            93,
            13,
            233,
            267,
            724,
            59,
            77,
            86,
            7
        ],
        [
            716,
            61,
            297,
            122,
            42,
            488,
            36,
            2566,
            239,
            491,
            1112,
            159
        ],
        [
            745,
            41,
            173,
            96,
            30,
            348,
            22,
            1179,
            724,
            394,
            1001,
            136
        ],
        [
            216,
            10,
            83,
            34,
            13,
            205,
            11,
            872,
            134,
            1204,
            2992,
            534
        ],
        [
            70,
            2,
            14,
            0,
            3,
            37,
            1,
            309,
            50,
            390,
            4857,
            872
        ],
        [
            7,
            0,
            1,
            0,
            2,
            10,
            0,
            46,
            7,
            182,
            1371,
            2655
        ]
    ],
    "perf_kappa_train": 0.3157966210421965,
    "perf_within_class_accuracy_train": [
        0.7754977029096478,
        0.13335245196443934,
        0.20861989912884,
        0.1541489012791079,
        0.2074468085106383,
        0.3267168605977641,
        0.1347804139323574,
        0.40543529783536103,
        0.14808754346492126,
        0.19086873811033608,
        0.7353520060560181,
        0.6201822004204625
    ],
    "perf_model_accuracy_val": 0.3162525879917184,
    "perf_f1_val": [
        0.19731800766283528,
        0.09467455621301775,
        0.44979253112033196,
        0.13981042654028436,
        0.08568824065633546,
        0.048780487804878044,
        0.22186495176848878,
        0.242526518804243,
        0.1476948184414525,
        0.554089709762533,
        0.1322690992018244,
        0.5719473445301861
    ],
    "perf_macro_f1_w_val": 0.27360117706825127,
    "perf_macro_f1_avg_val": 0.24053805770886752,