{
    "model_name": "HistGradientBoostingClassifier_baseline_8_bic",
    "meta_runtime": 9.846574544906616,
    "model_params": {
        "categorical_features": null,
        "early_stopping": "auto",
        "l2_regularization": 0.0,
        "learning_rate": 0.01,
        "loss": "log_loss",
        "max_bins": 255,
        "max_depth": 5,
        "max_iter": 100,
        "max_leaf_nodes": 31,
        "min_samples_leaf": 20,
        "monotonic_cst": null,
        "n_iter_no_change": 10,
        "random_state": null,
        "scoring": "loss",
        "tol": 1e-07,
        "validation_fraction": 0.1,
        "verbose": 0,
        "warm_start": false
    },
    "meta_trainval_counts": [
        [
            15034,
            3762
        ],
        [
            17315,
            4329
        ],
        [
            16412,
            4103
        ],
        [
            16524,
            4131
        ],
        [
            11074,
            2769
        ],
        [
            17431,
            4358
        ],
        [
            16099,
            4025
        ],
        [
            17430,
            4358
        ],
        [
            17974,
            4494
        ],
        [
            19088,
            4773
        ],
        [
            29689,
            7423
        ],
        [
            19818,
            4955
        ]
    ],
    "perf_model_accuracy_train": 0.32368342309994014,
    "perf_f1_train": [
        0.2843456600881395,
        0.23438824526702456,
        0.4693757654813944,
        0.19318019688971322,
        0.21105796568217547,
        0.31781426121048767,
        0.2503891749491079,
        0.062346792470283526,
        0.002297050378491255,
        0.4346469622331691,
        0.18636333132004562,
        0.5657344583260308
    ],
    "perf_macro_f1_w_train": 0.2791435441996167,
    "perf_macro_f1_avg_train": 0.26766165535800523,
    "perf_confusion_train": [
        [
            7941,
            1960,
            971,
            493,
            301,
            514,
            1355,
            156,
            695,
            1,
            604,
            43
        ],
        [
            3946,
            3155,
            1764,
            1219,
            665,
            1157,
            1910,
            293,
            1299,
            4,
            1771,
            132
        ],
        [
            2258,
            1845,
            2708,
            1005,
            554,
            2253,
            1737,
            442,
            1327,
            3,
            2169,
            111
        ],
        [
            1590,
            1184,
            1014,
            3318,
            683,
            2137,
            2842,
            370,
            931,
            0,
            2312,
            143
        ],
        [
            1237,
            1243,
            923,
            1157,
            2091,
            1340,
            1634,
            152,
            525,
            1,
            737,
            34
        ],
        [
            869,
            647,
            1272,
            1608,
            478,
            5194,
            3184,
            475,
            655,
            4,
            2818,
            227
        ],
        [
            1312,
            707,
            748,
            1514,
            334,
            2233,
            6485,
            408,
            651,
            3,
            1647,
            57
        ],
        [
            866,
            625,
            1003,
            659,
            206,
            2116,
            2543,
            674,
            1478,
            5,
            6480,
            775
        ],
        [
            1258,
            1047,
            873,
            582,
            243,
            1227,
            2000,
            443,
            2777,
            13,
            6683,
            828
        ],
        [
            157,
            119,
            232,
            136,
            42,
            563,
            677,
            379,
            877,
            22,
            13783,
            2101
        ],
        [
            66,
            45,
            98,
            66,
            23,
            294,
            305,
            315,
            527,
            7,
            23569,
            4374
        ],
        [
            6,
            5,
            18,
            31,
            8,
            74,
            39,
            84,
            86,
            4,
            8165,
            11298
        ]
    ],
    "perf_kappa_train": 0.24979608750524118,
    "perf_within_class_accuracy_train": [
        0.5282027404549687,
        0.18221195495235346,
        0.16500121862052156,
        0.20079883805374002,
        0.18882066100776593,
        0.29797487235385234,
        0.4028200509348407,
        0.03866896156052783,
        0.15450094581061533,
        0.0011525565800502933,
        0.7938630469197345,
        0.5700877989706328
    ],
    "perf_model_accuracy_val": 0.32034405385190723,
    "perf_f1_val": [
        0.28681318681318685,
        0.217587373167982,
        0.46879708191261593,
        0.17459637091013003,
        0.20735333874020004,
        0.31653265346146303,
        0.2383568187246238,
        0.07378712414683637,
        0.0012523481527864746,
        0.42226109774764925,
        0.19210702341137126,
        0.564118061851516
    ],
    "perf_macro_f1_w_val": 0.27582915995483165,
    "perf_macro_f1_avg_val": 0.2636302065866967,