{
    "model_name": "HistGradientBoostingClassifier_baseline_32_mor",
    "meta_runtime": 15.63508129119873,
    "model_params": {
        "categorical_features": null,
        "early_stopping": "auto",
        "l2_regularization": 0.0,
        "learning_rate": 0.1,
        "loss": "log_loss",
        "max_bins": 255,
        "max_depth": 30,
        "max_iter": 300,
        "max_leaf_nodes": 31,
        "min_samples_leaf": 20,
        "monotonic_cst": null,
        "n_iter_no_change": 10,
        "random_state": null,
        "scoring": "loss",
        "tol": 1e-07,
        "validation_fraction": 0.1,
        "verbose": 0,
        "warm_start": false
    },
    "meta_trainval_counts": [
        [
            2057,
            511
        ],
        [
            3191,
            814
        ],
        [
            3746,
            910
        ],
        [
            3111,
            740
        ],
        [
            1389,
            338
        ],
        [
            4065,
            1010
        ],
        [
            2401,
            619
        ],
        [
            5681,
            1471
        ],
        [
            4225,
            1060
        ],
        [
            5494,
            1313
        ],
        [
            5647,
            1401
        ],
        [
            3871,
            1033
        ]
    ],
    "perf_model_accuracy_train": 0.8841303088372923,
    "perf_f1_train": [
        0.8835046500244739,
        0.9219354838709678,
        0.8574461136512083,
        0.9137191854233655,
        0.9308841843088418,
        0.9343126967471144,
        0.9655672345052554,
        0.8465198237885463,
        0.807252278456467,
        0.9677575757575758,
        0.8601880877742947,
        0.906532663316583
    ],
    "perf_macro_f1_w_train": 0.8836750780218433,
    "perf_macro_f1_avg_train": 0.8996349981353912,
    "perf_confusion_train": [
        [
            1996,
            28,
            10,
            2,
            2,
            4,
            4,
            7,
            3,
            0,
            1,
            0
        ],
        [
            33,
            2990,
            38,
            22,
            7,
            21,
            7,
            36,
            28,
            6,
            2,
            1
        ],
        [
            8,
            55,
            3410,
            37,
            5,
            68,
            7,
            97,
            39,
            14,
            6,
            0
        ],
        [
            1,
            24,
            35,
            2858,
            3,
            68,
            10,
            67,
            24,
            20,
            0,
            1
        ],
        [
            9,
            5,
            5,
            10,
            1332,
            7,
            4,
            12,
            3,
            2,
            0,
            0
        ],
        [
            1,
            29,
            45,
            47,
            9,
            3610,
            31,
            147,
            42,
            71,
            33,
            0
        ],
        [
            2,
            7,
            8,
            15,
            2,
            46,
            2226,
            67,
            16,
            10,
            0,
            2
        ],
        [
            9,
            37,
            88,
            53,
            5,
            168,
            42,
            4804,
            92,
            190,
            155,
            38
        ],
        [
            9,
            44,
            53,
            37,
            2,
            76,
            21,
            220,
            3430,
            178,
            141,
            14
        ],
        [
            0,
            14,
            23,
            8,
            3,
            37,
            11,
            192,
            62,
            4163,
            789,
            192
        ],
        [
            0,
            0,
            3,
            0,
            0,
            2,
            1,
            19,
            9,
            129,
            5251,
            233
        ],
        [
            0,
            0,
            0,
            0,
            0,
            0,
            0,
            1,
            2,
            37,
            223,
            3608
        ]
    ],
    "perf_kappa_train": 0.8720596214348202,
    "perf_within_class_accuracy_train": [
        0.9703451628585319,
        0.9370103415857098,
        0.9103043246129204,
        0.9186756669881068,
        0.958963282937365,
        0.8880688806888068,
        0.9271137026239067,
        0.845625770110896,
        0.8118343195266272,
        0.757735711685475,
        0.9298742695236408,
        0.9320588995091708
    ],
    "perf_model_accuracy_val": 0.49385026737967913,
    "perf_f1_val": [
        0.4778325123152709,
        0.5638225255972696,
        0.5072639225181599,
        0.5330490405117271,
        0.5887555274794694,
        0.47176684881602915,
        0.6335616438356164,
        0.4605557329926541,
        0.2854743912678422,
        0.6796714579055443,
        0.39668565510098397,
        0.595581171950048
    ],
    "perf_macro_f1_w_val": 0.491652854018174,
    "perf_macro_f1_avg_val": 0.5161683691908846,
    "perf_confusion_val": [
        [
            331,
            65,
            39,
            9,
            4,
            4,
            9,
            14,
            22,
            6,
            8,
            0
        ],
        [
            51,
            466,
            89,
            43,
            10,
            24,
            16,
            47,
            39,
            20,
            7,
            2
        ],
        [
            28,
            65,
            500,
            36,
            6,
            66,
            12,
            111,
            52,
            24,
            8,
            2
        ],
        [
            11,
            26,
            55,
            413,
            9,
            76,
            24,
            76,
            26,
            17,
            7,
            0
        ],
        [
            7,
            20,
            25,
            24,
            185,
            26,
            8,
            20,
            12,
            9,
            2,
            0
        ],
        [
            5,
            29,
            61,
            74,
            5,
            485,
            45,
            176,
            53,
            52,
            21,
            4
        ],
        [
            7,
            23,
            25,
            34,
            9,
            81,
            259,
            124,
            41,
            14,
            2,
            0
        ],
        [
            6,
            31,
            86,
            39,
            7,
            136,
            57,
            721,
            128,
            143,
            93,
            24
        ],
        [
            12,
            33,
            56,
            39,
            9,
            74,
            27,
            187,
            383,
            116,
            103,
            21
        ],
        [
            4,
            7,
            26,
            11,
            2,
            41,
            20,
            143,
            94,
            340,
            491,
            134
        ],
        [
            1,
            2,
            3,
            2,
            0,
            5,
            2,
            38,
            17,
            251,
            838,
            242
        ],
        [
            0,
            2,
            1,
            1,
            0,
            2,
            0,
            3,
            4,
            77,
            323,
            620
        ]
    ],
    "perf_kappa_val": 0.4395033268021027,