{
    "model_name": "HistGradientBoostingClassifier_baseline-wx_8_bic",
    "meta_runtime": 18.33236074447632,
    "model_params": {
        "categorical_features": null,
        "early_stopping": "auto",
        "l2_regularization": 0.0,
        "learning_rate": 0.01,
        "loss": "log_loss",
        "max_bins": 255,
        "max_depth": 5,
        "max_iter": 150,
        "max_leaf_nodes": 31,
        "min_samples_leaf": 20,
        "monotonic_cst": null,
        "n_iter_no_change": 10,
        "random_state": null,
        "scoring": "loss",
        "tol": 1e-07,
        "validation_fraction": 0.1,
        "verbose": 0,
        "warm_start": false
    },
    "meta_trainval_counts": [
        [
            15034,
            3762
        ],
        [
            17315,
            4329
        ],
        [
            16412,
            4103
        ],
        [
            16524,
            4131
        ],
        [
            11074,
            2769
        ],
        [
            17431,
            4358
        ],
        [
            16099,
            4025
        ],
        [
            17430,
            4358
        ],
        [
            17974,
            4494
        ],
        [
            19088,
            4773
        ],
        [
            29689,
            7423
        ],
        [
            19818,
            4955
        ]
    ],
    "perf_model_accuracy_train": 0.37143738779174146,
    "perf_f1_train": [
        0.3567564537377021,
        0.30292501105565733,
        0.5067848484516065,
        0.2525815647766867,
        0.25164268625534925,
        0.3874048332758575,
        0.3268103924820343,
        0.11448177748022932,
        0.042573825340639096,
        0.5211318349361195,
        0.24053048681869643,
        0.6031231585150265
    ],
    "perf_macro_f1_w_train": 0.33450840035854246,
    "perf_macro_f1_avg_train": 0.3255622394271337,
    "perf_confusion_train": [
        [
            9402,
            1879,
            998,
            463,
            314,
            195,
            767,
            158,
            550,
            14,
            267,
            27
        ],
        [
            3879,
            3734,
            2393,
            1600,
            745,
            676,
            1348,
            382,
            1298,
            28,
            1152,
            80
        ],
        [
            2022,
            1823,
            3987,
            1155,
            732,
            2071,
            1167,
            633,
            1354,
            89,
            1304,
            75
        ],
        [
            1311,
            1139,
            1293,
            4795,
            810,
            1836,
            2362,
            448,
            907,
            46,
            1476,
            101
        ],
        [
            1001,
            1239,
            1073,
            1332,
            2956,
            1099,
            1361,
            165,
            444,
            23,
            361,
            20
        ],
        [
            605,
            496,
            1519,
            1809,
            519,
            6364,
            2622,
            658,
            584,
            105,
            1978,
            172
        ],
        [
            944,
            591,
            947,
            1800,
            384,
            1988,
            7302,
            522,
            644,
            62,
            876,
            39
        ],
        [
            648,
            504,
            1363,
            860,
            243,
            2177,
            2238,
            1368,
            1763,
            282,
            5293,
            691
        ],
        [
            1096,
            820,
            1124,
            871,
            244,
            1121,
            1711,
            813,
            3718,
            197,
            5488,
            771
        ],
        [
            94,
            98,
            298,
            245,
            48,
            480,
            516,
            724,
            1020,
            439,
            13027,
            2099
        ],
        [
            47,
            31,
            152,
            154,
            19,
            194,
            187,
            482,
            572,
            199,
            23099,
            4553
        ],
        [
            0,
            8,
            11,
            50,
            2,
            45,
            17,
            116,
            87,
            51,
            7149,
            12282
        ]
    ],
    "perf_kappa_train": 0.3047712350754719,
    "perf_within_class_accuracy_train": [
        0.6253824664094718,
        0.2156511695062085,
        0.24293200097489642,
        0.2901839748244977,
        0.2669315513816146,
        0.3650966668578968,
        0.45356854463010127,
        0.07848537005163511,
        0.20685434516523868,
        0.022998742665549035,
        0.7780322678433089,
        0.6197396306388132
    ],
    "perf_model_accuracy_val": 0.34915856394913986,
    "perf_f1_val": [
        0.32116788321167883,
        0.23982637004883342,
        0.5169433392783647,
        0.21733251382913335,
        0.2208921191392333,
        0.34597942705452933,
        0.27550357374918777,
        0.13654738733343316,
        0.08922815945716708,
        0.4628753712462876,
        0.22765902652588205,
        0.6089558192879226
    ],
    "perf_macro_f1_w_val": 0.31850802300426045,
    "perf_macro_f1_avg_val": 0.3052425825134711,