{
    "model_name": "HistGradientBoostingClassifier_baseline_16_mor",
    "meta_runtime": 8.33254885673523,
    "model_params": {
        "categorical_features": null,
        "early_stopping": "auto",
        "l2_regularization": 0.0,
        "learning_rate": 0.05,
        "loss": "log_loss",
        "max_bins": 255,
        "max_depth": 20,
        "max_iter": 150,
        "max_leaf_nodes": 31,
        "min_samples_leaf": 20,
        "monotonic_cst": null,
        "n_iter_no_change": 10,
        "random_state": null,
        "scoring": "loss",
        "tol": 1e-07,
        "validation_fraction": 0.1,
        "verbose": 0,
        "warm_start": false
    },
    "meta_trainval_counts": [
        [
            4127,
            987
        ],
        [
            3234,
            815
        ],
        [
            4224,
            1083
        ],
        [
            3020,
            765
        ],
        [
            1609,
            395
        ],
        [
            4444,
            1115
        ],
        [
            2070,
            548
        ],
        [
            6361,
            1591
        ],
        [
            4861,
            1099
        ],
        [
            6141,
            1571
        ],
        [
            6211,
            1537
        ],
        [
            4102,
            1096
        ]
    ],
    "perf_model_accuracy_train": 0.5003372748194588,
    "perf_f1_train": [
        0.47622128760918797,
        0.45719035743973396,
        0.587257963772642,
        0.4413184388360226,
        0.4568727845608508,
        0.49133333333333334,
        0.5702746365105007,
        0.4385599899123636,
        0.3590922723183045,
        0.6206638616175782,
        0.3767652544630962,
        0.6785027705529798
    ],
    "perf_macro_f1_w_train": 0.4878939929259996,
    "perf_macro_f1_avg_train": 0.4961710792438829,
    "perf_confusion_train": [
        [
            3319,
            109,
            159,
            25,
            18,
            54,
            9,
            240,
            110,
            34,
            50,
            0
        ],
        [
            853,
            1160,
            232,
            83,
            26,
            192,
            13,
            392,
            155,
            54,
            68,
            6
        ],
        [
            569,
            137,
            1600,
            107,
            23,
            445,
            13,
            857,
            174,
            172,
            122,
            5
        ],
        [
            293,
            101,
            182,
            1100,
            25,
            386,
            24,
            602,
            133,
            95,
            74,
            5
        ],
        [
            189,
            66,
            103,
            52,
            706,
            178,
            11,
            214,
            46,
            27,
            17,
            0
        ],
        [
            254,
            63,
            199,
            94,
            21,
            2208,
            33,
            1027,
            115,
            213,
            187,
            30
        ],
        [
            168,
            23,
            70,
            73,
            6,
            226,
            737,
            631,
            60,
            46,
            28,
            2
        ],
        [
            374,
            85,
            184,
            112,
            23,
            531,
            38,
            3478,
            238,
            490,
            658,
            150
        ],
        [
            441,
            84,
            210,
            104,
            12,
            379,
            31,
            1028,
            1414,
            425,
            617,
            116
        ],
        [
            92,
            15,
            80,
            41,
            7,
            214,
            21,
            858,
            149,
            1796,
            2320,
            548
        ],
        [
            16,
            1,
            7,
            1,
            0,
            16,
            0,
            163,
            47,
            380,
            4701,
            879
        ],
        [
            0,
            0,
            1,
            0,
            0,
            0,
            0,
            10,
            4,
            130,
            957,
            3000
        ]
    ],
    "perf_kappa_train": 0.44498815244843337,
    "perf_within_class_accuracy_train": [
        0.8042161376302399,
        0.3586889301175015,
        0.3787878787878788,
        0.36423841059602646,
        0.4387818520820385,
        0.49684968496849685,
        0.3560386473429952,
        0.546769375884295,
        0.2908866488376877,
        0.292460511317375,
        0.7568829496055386,
        0.7313505607020966
    ],
    "perf_model_accuracy_val": 0.32947151245833994,
    "perf_f1_val": [
        0.29207920792079206,
        0.19458544839255498,
        0.4674213836477987,
        0.22451193058568328,
        0.1894904458598726,
        0.13753581661891118,
        0.23063063063063063,
        0.285364059818583,
        0.19681274900398407,
        0.5094197437829691,
        0.17515741270749857,
        0.5771929824561404
    ],
    "perf_macro_f1_w_val": 0.3053569713246226,
    "perf_macro_f1_avg_val": 0.2900168176187849,