{
    "model_name": "HistGradientBoostingClassifier_baseline-wx_16_mor",
    "meta_runtime": 18.278326272964478,
    "model_params": {
        "categorical_features": null,
        "early_stopping": "auto",
        "l2_regularization": 0.0,
        "learning_rate": 0.05,
        "loss": "log_loss",
        "max_bins": 255,
        "max_depth": 30,
        "max_iter": 300,
        "max_leaf_nodes": 31,
        "min_samples_leaf": 20,
        "monotonic_cst": null,
        "n_iter_no_change": 10,
        "random_state": null,
        "scoring": "loss",
        "tol": 1e-07,
        "validation_fraction": 0.1,
        "verbose": 0,
        "warm_start": false
    },
    "meta_trainval_counts": [
        [
            4127,
            987
        ],
        [
            3234,
            815
        ],
        [
            4224,
            1083
        ],
        [
            3020,
            765
        ],
        [
            1609,
            395
        ],
        [
            4444,
            1115
        ],
        [
            2070,
            548
        ],
        [
            6361,
            1591
        ],
        [
            4861,
            1099
        ],
        [
            6141,
            1571
        ],
        [
            6211,
            1537
        ],
        [
            4102,
            1096
        ]
    ],
    "perf_model_accuracy_train": 0.7547020077771606,
    "perf_f1_train": [
        0.7264372968732489,
        0.781431334622824,
        0.7657008179675585,
        0.7343976777939042,
        0.7796887796887797,
        0.8113059408531798,
        0.8916776750330251,
        0.6818282507568486,
        0.6559100797679478,
        0.8701769814224469,
        0.6837586165195308,
        0.8637472412591475
    ],
    "perf_macro_f1_w_train": 0.7520199837962764,
    "perf_macro_f1_avg_train": 0.7705050577132035,
    "perf_confusion_train": [
        [
            3958,
            57,
            46,
            3,
            3,
            9,
            2,
            19,
            24,
            4,
            2,
            0
        ],
        [
            348,
            2380,
            172,
            50,
            10,
            58,
            10,
            126,
            48,
            14,
            15,
            3
        ],
        [
            213,
            123,
            3036,
            91,
            7,
            228,
            28,
            330,
            84,
            56,
            28,
            0
        ],
        [
            70,
            62,
            115,
            2222,
            9,
            162,
            16,
            240,
            65,
            44,
            15,
            0
        ],
        [
            57,
            27,
            36,
            27,
            1350,
            60,
            4,
            35,
            10,
            1,
            1,
            1
        ],
        [
            50,
            57,
            146,
            67,
            16,
            3241,
            37,
            543,
            67,
            159,
            53,
            8
        ],
        [
            29,
            15,
            56,
            26,
            3,
            100,
            1550,
            242,
            26,
            19,
            3,
            1
        ],
        [
            91,
            68,
            192,
            86,
            11,
            275,
            48,
            4617,
            145,
            433,
            347,
            48
        ],
        [
            133,
            73,
            202,
            85,
            10,
            233,
            35,
            536,
            2827,
            327,
            357,
            43
        ],
        [
            19,
            9,
            42,
            10,
            0,
            112,
            21,
            460,
            96,
            3618,
            1508,
            246
        ],
        [
            2,
            0,
            1,
            0,
            0,
            1,
            0,
            32,
            16,
            197,
            5523,
            439
        ],
        [
            0,
            0,
            0,
            0,
            0,
            0,
            0,
            2,
            0,
            19,
            363,
            3718
        ]
    ],
    "perf_kappa_train": 0.7288122765675509,
    "perf_within_class_accuracy_train": [
        0.9590501574993943,
        0.7359307359307359,
        0.71875,
        0.7357615894039735,
        0.839030453697949,
        0.7292979297929792,
        0.748792270531401,
        0.7258292721270241,
        0.5815675786875129,
        0.5891548607718613,
        0.8892287876348414,
        0.9063871282301317
    ],
    "perf_model_accuracy_val": 0.3421679098555785,
    "perf_f1_val": [
        0.25837320574162675,
        0.22887864823348697,
        0.5161653078436885,
        0.2143540669856459,
        0.22041920216362407,
        0.13994910941475827,
        0.1847826086956522,
        0.27487179487179486,
        0.31237848347375247,
        0.5693359375000001,
        0.15776081424936386,
        0.6532710280373832
    ],
    "perf_macro_f1_w_val": 0.33307086892865995,
    "perf_macro_f1_avg_val": 0.31087835060089813,