{
    "model_name": "HistGradientBoostingClassifier_baseline-wx_32_sic",
    "meta_runtime": 50.588072061538696,
    "model_params": {
        "categorical_features": null,
        "early_stopping": "auto",
        "l2_regularization": 0.0,
        "learning_rate": 0.05,
        "loss": "log_loss",
        "max_bins": 255,
        "max_depth": 20,
        "max_iter": 300,
        "max_leaf_nodes": 31,
        "min_samples_leaf": 20,
        "monotonic_cst": null,
        "n_iter_no_change": 10,
        "random_state": null,
        "scoring": "loss",
        "tol": 1e-07,
        "validation_fraction": 0.1,
        "verbose": 0,
        "warm_start": false
    },
    "meta_trainval_counts": [
        [
            44367,
            9377
        ],
        [
            35000,
            7500
        ],
        [
            28277,
            1602
        ],
        [
            18326,
            3342
        ],
        [
            18294,
            4435
        ],
        [
            35000,
            7500
        ],
        [
            16469,
            5908
        ],
        [
            35000,
            7500
        ],
        [
            35000,
            7500
        ],
        [
            35000,
            7500
        ],
        [
            35000,
            7500
        ],
        [
            35000,
            7500
        ]
    ],
    "perf_model_accuracy_train": 0.9112353095084602,
    "perf_f1_train": [
        0.9851328088321074,
        0.998826963472188,
        0.7523510971786834,
        0.9957907396271798,
        0.9965588634254302,
        0.9976324895283191,
        0.999589973484952,
        0.8677160927617709,
        0.6911011321232053,
        0.999808418324224,
        0.8999003274953723,
        0.8582696506550218
    ],
    "perf_macro_f1_w_train": 0.90988267905555,
    "perf_macro_f1_avg_train": 0.9202232130757045,
    "perf_confusion_train": [
        [
            44359,
            1,
            3,
            1,
            1,
            0,
            0,
            1,
            1,
            0,
            0,
            0
        ],
        [
            6,
            34897,
            4,
            0,
            1,
            17,
            1,
            24,
            38,
            3,
            3,
            6
        ],
        [
            1,
            8,
            28152,
            0,
            0,
            48,
            5,
            44,
            17,
            2,
            0,
            0
        ],
        [
            0,
            1,
            0,
            18307,
            1,
            9,
            0,
            4,
            4,
            0,
            0,
            0
        ],
        [
            0,
            0,
            2,
            1,
            18284,
            4,
            1,
            0,
            2,
            0,
            0,
            0
        ],
        [
            0,
            25,
            26,
            6,
            0,
            34622,
            4,
            156,
            91,
            46,
            21,
            3
        ],
        [
            0,
            1,
            1,
            2,
            0,
            10,
            16434,
            12,
            9,
            0,
            0,
            0
        ],
        [
            2,
            38,
            61,
            6,
            1,
            258,
            14,
            30869,
            1640,
            1203,
            665,
            243
        ],
        [
            0,
            46,
            10,
            6,
            1,
            236,
            16,
            1849,
            31600,
            748,
            323,
            165
        ],
        [
            0,
            18,
            6,
            2,
            0,
            65,
            2,
            2084,
            1211,
            21854,
            6687,
            3071
        ],
        [
            0,
            0,
            0,
            0,
            0,
            15,
            0,
            768,
            512,
            3360,
            27000,
            3345
        ],
        [
            0,
            0,
            0,
            0,
            0,
            5,
            0,
            339,
            105,
            1028,
            2076,
            31447
        ]
    ],
    "perf_kappa_train": 0.9025227577652546,
    "perf_within_class_accuracy_train": [
        0.9998196858025109,
        0.9970571428571429,
        0.9955794461930191,
        0.9989632216522972,
        0.9994533726904996,
        0.9892,
        0.9978747950695246,
        0.8819714285714285,
        0.9028571428571428,
        0.6244,
        0.7714285714285715,
        0.8984857142857143
    ],
    "perf_model_accuracy_val": 0.49726556425276036,
    "perf_f1_val": [
        0.5992191088654111,
        0.2562753036437247,
        0.489749430523918,
        0.18737270875763748,
        0.4222501571338781,
        0.5227510764575817,
        0.26162689426929103,
        0.42371485707563816,
        0.291998861047836,
        0.7737370222144886,
        0.4303306727480046,
        0.7211877513145685
    ],
    "perf_macro_f1_w_val": 0.4924457665184209,
    "perf_macro_f1_avg_val": 0.44835115367099815,