{
    "model_name": "HistGradientBoostingClassifier_baseline-wx_64_sic",
    "meta_runtime": 29.312225818634033,
    "model_params": {
        "categorical_features": null,
        "early_stopping": "auto",
        "l2_regularization": 0.0,
        "learning_rate": 0.01,
        "loss": "log_loss",
        "max_bins": 255,
        "max_depth": null,
        "max_iter": 300,
        "max_leaf_nodes": 31,
        "min_samples_leaf": 20,
        "monotonic_cst": null,
        "n_iter_no_change": 10,
        "random_state": null,
        "scoring": "loss",
        "tol": 1e-07,
        "validation_fraction": 0.1,
        "verbose": 0,
        "warm_start": false
    },
    "meta_trainval_counts": [
        [
            5956,
            292
        ],
        [
            2261,
            609
        ],
        [
            327,
            21
        ],
        [
            1146,
            19
        ],
        [
            43,
            326
        ],
        [
            6090,
            3237
        ],
        [
            37,
            1
        ],
        [
            12727,
            4958
        ],
        [
            22793,
            1649
        ],
        [
            35000,
            7500
        ],
        [
            35000,
            7500
        ],
        [
            35000,
            7500
        ]
    ],
    "perf_model_accuracy_train": 0.8364944366287249,
    "perf_f1_train": [
        0.9955614006246918,
        0.998689384010485,
        0.7345302713987474,
        0.9954058192955589,
        0.9995577178239717,
        0.9589041095890412,
        0.988235294117647,
        0.9584231106854999,
        0.6998084437974101,
        0.9995803608896349,
        0.9768136964022769,
        0.8595566093011214
    ],
    "perf_macro_f1_w_train": 0.8349734028337816,
    "perf_macro_f1_avg_train": 0.9304221848280071,
    "perf_confusion_train": [
        [
            5955,
            0,
            0,
            0,
            0,
            0,
            0,
            0,
            1,
            0,
            0,
            0
        ],
        [
            1,
            2260,
            0,
            0,
            0,
            0,
            0,
            0,
            0,
            0,
            0,
            0
        ],
        [
            0,
            0,
            325,
            0,
            0,
            1,
            0,
            0,
            0,
            0,
            0,
            1
        ],
        [
            0,
            1,
            0,
            1143,
            0,
            1,
            0,
            0,
            0,
            1,
            0,
            0
        ],
        [
            0,
            0,
            0,
            0,
            42,
            0,
            0,
            0,
            1,
            0,
            0,
            0
        ],
        [
            1,
            0,
            0,
            0,
            0,
            6056,
            0,
            9,
            4,
            10,
            7,
            3
        ],
        [
            0,
            0,
            0,
            0,
            0,
            0,
            35,
            1,
            1,
            0,
            0,
            0
        ],
        [
            0,
            0,
            0,
            0,
            0,
            14,
            0,
            12010,
            129,
            444,
            96,
            34
        ],
        [
            1,
            0,
            0,
            0,
            0,
            4,
            1,
            70,
            22223,
            442,
            28,
            24
        ],
        [
            1,
            0,
            1,
            0,
            0,
            0,
            0,
            216,
            314,
            22833,
            8231,
            3404
        ],
        [
            0,
            0,
            0,
            0,
            0,
            0,
            0,
            10,
            32,
            5188,
            26388,
            3382
        ],
        [
            0,
            0,
            0,
            0,
            0,
            0,
            0,
            19,
            3,
            1337,
            2100,
            31541
        ]
    ],
    "perf_kappa_train": 0.8001640869420419,
    "perf_within_class_accuracy_train": [
        0.9998321020819342,
        0.9995577178239717,
        0.9938837920489296,
        0.9973821989528796,
        0.9767441860465116,
        0.9944170771756978,
        0.9459459459459459,
        0.9436630784945391,
        0.9749923222041855,
        0.6523714285714286,
        0.7539428571428571,
        0.9011714285714286
    ],
    "perf_model_accuracy_val": 0.5641437581816018,
    "perf_f1_val": [
        0.48631531327753896,
        0.0,
        0.6232781498799443,
        0.0,
        0.0319744204636291,
        0.0,
        0.0,
        0.36662492172824046,
        0.49090020764626857,
        0.30934479054779807,
        0.5326709973251814,
        0.784346701164295
    ],
    "perf_macro_f1_w_val": 0.5539403351980944,
    "perf_macro_f1_avg_val": 0.30212129183607467,
    "perf_confusion_val": [
        [
            288,
            0,
            0,
            0,
            0,
            0,
            0,
            4,
            0,
            0,
            0,
            0
        ],
        [
            532,
            20,
            0,
            1,
            0,
            18,
            0,
            0,
            37,
            1,
            0,
            0
        ],
        [
            0,
            0,
            0,
            0,
            0,
            1,
            0,
            1,
            18,
            1,
            0,
            0
        ],
        [
            17,
            0,
            0,
            0,
            0,
            1,
            0,
            1,
            0,
            0,
            0,
            0
        ],
        [
            285,
            38,
            0,
            0,
            0,
            2,
            0,
            1,
            0,
            0,
            0,
            0
        ],
        [
            447,
            584,
            14,
            5,
            4,
            1075,
            0,
            75,
            410,
            358,
            260,
            5
        ],
        [
            0,
            0,
            0,
            0,
            0,
            0,
            0,
            0,
            0,
            0,
            1,
            0
        ],
        [
            0,
            0,
            1,
            0,
            0,
            71,
            1,
            1171,
            1524,
            2084,
            24,
            82
        ],
        [
            1,
            0,
            0,
            10,
            0,
            6,
            1,
            46,
            1394,
            165,
            22,
            4
        ],
        [
            0,
            0,
            0,
            0,
            0,
            10,
            4,
            113,
            170,
            4019,
            2257,
            927
        ],
        [
            0,
            0,
            0,
            0,
            0,
            0,
            0,
            16,
            32,
            1641,
            4932,
            879
        ],
        [
            0,
            0,
            0,
            0,
            0,
            0,
            0,
            2,
            0,
            605,
            830,
            6063
        ]
    ],
    "perf_kappa_val": 0.4667252103601909,