{
    "model_name": "HistGradientBoostingClassifier_baseline-wx_16_bic",
    "meta_runtime": 28.988250970840454,
    "model_params": {
        "categorical_features": null,
        "early_stopping": "auto",
        "l2_regularization": 0.0,
        "learning_rate": 0.01,
        "loss": "log_loss",
        "max_bins": 255,
        "max_depth": 10,
        "max_iter": 300,
        "max_leaf_nodes": 31,
        "min_samples_leaf": 20,
        "monotonic_cst": null,
        "n_iter_no_change": 10,
        "random_state": null,
        "scoring": "loss",
        "tol": 1e-07,
        "validation_fraction": 0.1,
        "verbose": 0,
        "warm_start": false
    },
    "meta_trainval_counts": [
        [
            2955,
            741
        ],
        [
            4600,
            1151
        ],
        [
            6152,
            1538
        ],
        [
            3607,
            902
        ],
        [
            2039,
            510
        ],
        [
            19379,
            4845
        ],
        [
            4248,
            1062
        ],
        [
            15516,
            3880
        ],
        [
            16648,
            4162
        ],
        [
            18353,
            4589
        ],
        [
            19424,
            4856
        ],
        [
            19661,
            4916
        ]
    ],
    "perf_model_accuracy_train": 0.5185168424069633,
    "perf_f1_train": [
        0.6412417807480866,
        0.2754541613857203,
        0.5553686571348472,
        0.277196535043312,
        0.3505388542257516,
        0.3934898458879447,
        0.5145464917284656,
        0.3287595615487738,
        0.2929195600890454,
        0.5990961910910265,
        0.46703422926717214,
        0.7786022600514089
    ],
    "perf_macro_f1_w_train": 0.49461288540000614,
    "perf_macro_f1_avg_train": 0.4561873440167963,
    "perf_confusion_train": [
        [
            1856,
            236,
            175,
            25,
            21,
            169,
            43,
            43,
            359,
            19,
            9,
            0
        ],
        [
            428,
            1236,
            324,
            96,
            37,
            1056,
            129,
            152,
            1039,
            63,
            27,
            13
        ],
        [
            323,
            232,
            1232,
            28,
            56,
            2397,
            70,
            503,
            1032,
            200,
            58,
            21
        ],
        [
            89,
            176,
            77,
            652,
            120,
            1451,
            141,
            230,
            566,
            68,
            33,
            4
        ],
        [
            92,
            126,
            81,
            36,
            902,
            505,
            33,
            93,
            162,
            7,
            2,
            0
        ],
        [
            100,
            181,
            392,
            171,
            117,
            14872,
            376,
            984,
            1115,
            501,
            516,
            54
        ],
        [
            105,
            102,
            66,
            71,
            59,
            1705,
            1366,
            274,
            404,
            73,
            16,
            7
        ],
        [
            116,
            105,
            260,
            21,
            98,
            2798,
            216,
            4169,
            2929,
            1680,
            2229,
            895
        ],
        [
            125,
            56,
            115,
            26,
            49,
            1549,
            307,
            1626,
            8132,
            1924,
            2157,
            582
        ],
        [
            7,
            2,
            12,
            1,
            8,
            434,
            13,
            1122,
            1724,
            4408,
            8835,
            1787
        ],
        [
            0,
            0,
            2,
            0,
            0,
            65,
            1,
            507,
            627,
            2195,
            13867,
            2160
        ],
        [
            0,
            0,
            1,
            0,
            0,
            5,
            0,
            143,
            87,
            606,
            2765,
            16054
        ]
    ],
    "perf_kappa_train": 0.4472129923137482,
    "perf_within_class_accuracy_train": [
        0.628087986463621,
        0.26869565217391306,
        0.20026007802340703,
        0.18075963404491266,
        0.44237371260421776,
        0.7674286598895712,
        0.3215630885122411,
        0.2686903841196185,
        0.4884670831331091,
        0.24017871737590585,
        0.713910626029654,
        0.8165403590865165
    ],
    "perf_model_accuracy_val": 0.4444980694980695,
    "perf_f1_val": [
        0.5975823259691537,
        0.10284664830119376,
        0.49577050386171384,
        0.20645161290322583,
        0.14675560946027896,
        0.3537117903930131,
        0.09677419354838711,
        0.2076734693877551,
        0.21875818705789887,
        0.45118253486961796,
        0.4255772646536412,
        0.7255493321844032
    ],
    "perf_macro_f1_w_val": 0.4159322029609153,
    "perf_macro_f1_avg_val": 0.33571945604919023,