{
    "model_name": "HistGradientBoostingClassifier_baseline-wx_64_mor",
    "meta_runtime": 17.804173469543457,
    "model_params": {
        "categorical_features": null,
        "early_stopping": "auto",
        "l2_regularization": 0.0,
        "learning_rate": 0.05,
        "loss": "log_loss",
        "max_bins": 255,
        "max_depth": null,
        "max_iter": 300,
        "max_leaf_nodes": 31,
        "min_samples_leaf": 20,
        "monotonic_cst": null,
        "n_iter_no_change": 10,
        "random_state": null,
        "scoring": "loss",
        "tol": 1e-07,
        "validation_fraction": 0.1,
        "verbose": 0,
        "warm_start": false
    },
    "meta_trainval_counts": [
        [
            859,
            223
        ],
        [
            2074,
            503
        ],
        [
            3549,
            863
        ],
        [
            2505,
            592
        ],
        [
            952,
            225
        ],
        [
            3643,
            942
        ],
        [
            1882,
            468
        ],
        [
            5353,
            1326
        ],
        [
            3660,
            946
        ],
        [
            4570,
            1164
        ],
        [
            5070,
            1247
        ],
        [
            3867,
            997
        ]
    ],
    "perf_model_accuracy_train": 0.9375526537489469,
    "perf_f1_train": [
        0.954639459533986,
        0.993018152802713,
        0.8879424569373463,
        0.9883345045678145,
        0.9908168197196713,
        0.9740155371015269,
        0.99418911780243,
        0.9300213180090834,
        0.8496152949405457,
        0.9941656942823804,
        0.9525915687629579,
        0.9283465558493893
    ],
    "perf_macro_f1_w_train": 0.9372573825826589,
    "perf_macro_f1_avg_train": 0.9531413733591537,
    "perf_confusion_train": [
        [
            852,
            6,
            0,
            1,
            0,
            0,
            0,
            0,
            0,
            0,
            0,
            0
        ],
        [
            3,
            2050,
            9,
            1,
            0,
            0,
            1,
            2,
            3,
            5,
            0,
            0
        ],
        [
            0,
            4,
            3516,
            3,
            0,
            9,
            2,
            8,
            5,
            2,
            0,
            0
        ],
        [
            0,
            0,
            4,
            2489,
            0,
            7,
            1,
            0,
            4,
            0,
            0,
            0
        ],
        [
            0,
            2,
            0,
            0,
            941,
            2,
            0,
            4,
            2,
            1,
            0,
            0
        ],
        [
            0,
            1,
            8,
            8,
            0,
            3462,
            6,
            107,
            14,
            33,
            4,
            0
        ],
        [
            0,
            0,
            2,
            1,
            0,
            16,
            1818,
            29,
            9,
            6,
            0,
            1
        ],
        [
            0,
            1,
            18,
            2,
            0,
            68,
            15,
            5017,
            49,
            165,
            16,
            2
        ],
        [
            0,
            0,
            7,
            3,
            0,
            9,
            6,
            111,
            3446,
            60,
            15,
            3
        ],
        [
            0,
            0,
            2,
            0,
            0,
            37,
            1,
            153,
            41,
            3644,
            598,
            94
        ],
        [
            0,
            0,
            0,
            0,
            0,
            0,
            1,
            4,
            2,
            84,
            4691,
            288
        ],
        [
            0,
            0,
            0,
            0,
            0,
            0,
            0,
            1,
            0,
            8,
            172,
            3686
        ]
    ],
    "perf_kappa_train": 0.9305432114724632,
    "perf_within_class_accuracy_train": [
        0.9918509895227008,
        0.9884281581485053,
        0.9907016060862215,
        0.9936127744510979,
        0.9884453781512605,
        0.9503156738951414,
        0.9659936238044633,
        0.9372314589949561,
        0.9415300546448088,
        0.7973741794310722,
        0.9252465483234714,
        0.9531936901991208
    ],
    "perf_model_accuracy_val": 0.6323715248525695,
    "perf_f1_val": [
        0.6041778253883235,
        0.7960467205750226,
        0.5810810810810811,
        0.7427884615384617,
        0.7979057591623037,
        0.6463700234192037,
        0.8019801980198019,
        0.5708230307311905,
        0.44543610547667345,
        0.8058252427184466,
        0.6007730535615682,
        0.737704918032787
    ],
    "perf_macro_f1_w_val": 0.63703076447808,
    "perf_macro_f1_avg_val": 0.6775760349754053,
    "perf_confusion_val": [
        [
            166,
            18,
            21,
            6,
            1,
            2,
            0,
            3,
            5,
            1,
            0,
            0
        ],
        [
            11,
            381,
            44,
            8,
            5,
            20,
            4,
            16,
            9,
            5,
            0,
            0
        ],
        [
            5,
            14,
            618,
            15,
            2,
            62,
            6,
            89,
            35,
            16,
            1,
            0
        ],
        [
            1,
            7,
            16,
            443,
            3,
            39,
            8,
            36,
            32,
            7,
            0,
            0
        ],
        [
            2,
            6,
            5,
            7,
            162,
            12,
            1,
            17,
            10,
            3,
            0,
            0
        ],
        [
            1,
            7,
            21,
            15,
            2,
            564,
            22,
            167,
            45,
            88,
            10,
            0
        ],
        [
            2,
            3,
            9,
            7,
            2,
            33,
            276,
            89,
            19,
            27,
            1,
            0
        ],
        [
            1,
            8,
            35,
            12,
            2,
            111,
            43,
            808,
            93,
            179,
            32,
            2
        ],
        [
            0,
            8,
            31,
            4,
            0,
            44,
            14,
            136,
            544,
            126,
            36,
            3
        ],
        [
            0,
            0,
            1,
            4,
            0,
            34,
            12,
            132,
            56,
            549,
            331,
            45
        ],
        [
            0,
            0,
            0,
            0,
            0,
            3,
            0,
            11,
            17,
            257,
            774,
            185
        ],
        [
            0,
            0,
            0,
            0,
            0,
            1,
            0,
            1,
            0,
            43,
            232,
            720
        ]
    ],
    "perf_kappa_val": 0.5895439376947924,