{
    "model_name": "HistGradientBoostingClassifier_baseline_8_sic",
    "meta_runtime": 32.57855033874512,
    "model_params": {
        "categorical_features": null,
        "early_stopping": "auto",
        "l2_regularization": 0.0,
        "learning_rate": 0.01,
        "loss": "log_loss",
        "max_bins": 255,
        "max_depth": 5,
        "max_iter": 200,
        "max_leaf_nodes": 31,
        "min_samples_leaf": 20,
        "monotonic_cst": null,
        "n_iter_no_change": 10,
        "random_state": null,
        "scoring": "loss",
        "tol": 1e-07,
        "validation_fraction": 0.1,
        "verbose": 0,
        "warm_start": false
    },
    "meta_trainval_counts": [
        [
            82419,
            17139
        ],
        [
            35000,
            7500
        ],
        [
            35000,
            7500
        ],
        [
            35000,
            7500
        ],
        [
            35000,
            7500
        ],
        [
            35000,
            7500
        ],
        [
            35000,
            7500
        ],
        [
            35000,
            7500
        ],
        [
            35000,
            7500
        ],
        [
            35000,
            7500
        ],
        [
            20000,
            5000
        ],
        [
            35000,
            7500
        ]
    ],
    "perf_model_accuracy_train": 0.3621156494311689,
    "perf_f1_train": [
        0.2795567188283121,
        0.21976173309987296,
        0.0049699319119328065,
        0.14223270926814174,
        0.0860906036153148,
        0.31290310318174325,
        0.32940907158507476,
        0.09430995241051106,
        0.35810874883835603,
        0.5902573480692269,
        0.17831418432240612,
        0.6220893977009331
    ],
    "perf_macro_f1_w_train": 0.310652264402091,
    "perf_macro_f1_avg_train": 0.26816695856931877,
    "perf_confusion_train": [
        [
            66813,
            1031,
            1755,
            1387,
            2218,
            1513,
            2973,
            704,
            1858,
            1907,
            1,
            259
        ],
        [
            17109,
            1755,
            2344,
            1967,
            2677,
            2128,
            2371,
            717,
            1713,
            1903,
            0,
            316
        ],
        [
            12403,
            854,
            3677,
            1857,
            2305,
            4534,
            2843,
            1316,
            2492,
            2344,
            1,
            374
        ],
        [
            8399,
            634,
            1503,
            6401,
            2675,
            3811,
            4909,
            1293,
            1487,
            3135,
            1,
            752
        ],
        [
            9948,
            709,
            1565,
            2334,
            10073,
            3180,
            3861,
            646,
            1305,
            1154,
            1,
            224
        ],
        [
            5506,
            286,
            1721,
            3087,
            2106,
            10040,
            5731,
            1242,
            1030,
            3222,
            1,
            1028
        ],
        [
            7992,
            179,
            982,
            2809,
            1892,
            4406,
            12347,
            968,
            1031,
            2147,
            0,
            247
        ],
        [
            5808,
            134,
            1413,
            1447,
            1025,
            3886,
            4497,
            2279,
            2811,
            8576,
            8,
            3116
        ],
        [
            7580,
            145,
            1310,
            1149,
            899,
            2060,
            3055,
            1656,
            5075,
            8691,
            5,
            3375
        ],
        [
            1759,
            27,
            346,
            505,
            222,
            958,
            1060,
            1548,
            2001,
            18882,
            29,
            7663
        ],
        [
            474,
            9,
            69,
            164,
            42,
            211,
            174,
            591,
            660,
            11355,
            50,
            6201
        ],
        [
            176,
            8,
            19,
            147,
            24,
            101,
            98,
            370,
            459,
            7138,
            24,
            26436
        ]
    ],
    "perf_kappa_train": 0.2827070499661207,
    "perf_within_class_accuracy_train": [
        0.8106504568121429,
        0.05014285714285714,
        0.10505714285714286,
        0.1828857142857143,
        0.2878,
        0.28685714285714287,
        0.35277142857142857,
        0.06511428571428571,
        0.145,
        0.5394857142857142,
        0.0025,
        0.7553142857142857
    ],
    "perf_model_accuracy_val": 0.35584059955321756,
    "perf_f1_val": [
        0.28007736943907163,
        0.21180129306817255,
        0.002784961209468868,
        0.13672582397682,
        0.06440198159943383,
        0.31067725701812887,
        0.34705443698732297,
        0.10414452709883103,
        0.33773811566844003,
        0.5972839299186855,
        0.14187643020594967,
        0.6040246673158065
    ],
    "perf_macro_f1_w_val": 0.3015234699632333,
    "perf_macro_f1_avg_val": 0.2615492327921776,