{
    "model_name": "HistGradientBoostingClassifier_baseline_64_sic",
    "meta_runtime": 13.417966365814209,
    "model_params": {
        "categorical_features": null,
        "early_stopping": "auto",
        "l2_regularization": 0.0,
        "learning_rate": 0.01,
        "loss": "log_loss",
        "max_bins": 255,
        "max_depth": 20,
        "max_iter": 150,
        "max_leaf_nodes": 31,
        "min_samples_leaf": 20,
        "monotonic_cst": null,
        "n_iter_no_change": 10,
        "random_state": null,
        "scoring": "loss",
        "tol": 1e-07,
        "validation_fraction": 0.1,
        "verbose": 0,
        "warm_start": false
    },
    "meta_trainval_counts": [
        [
            5956,
            292
        ],
        [
            2261,
            609
        ],
        [
            327,
            21
        ],
        [
            1146,
            19
        ],
        [
            43,
            326
        ],
        [
            6090,
            3237
        ],
        [
            37,
            1
        ],
        [
            12727,
            4958
        ],
        [
            22793,
            1649
        ],
        [
            35000,
            7500
        ],
        [
            35000,
            7500
        ],
        [
            35000,
            7500
        ]
    ],
    "perf_model_accuracy_train": 0.5734620795498145,
    "perf_f1_train": [
        0.7007976558684682,
        0.4407894736842105,
        0.5732390556779106,
        0.7076923076923077,
        0.52046783625731,
        0.9428571428571428,
        0.9411764705882352,
        0.40721102863202546,
        0.37218677538153766,
        0.8326517520647905,
        0.5709332421741466,
        0.72926094481123
    ],
    "perf_macro_f1_w_train": 0.5628962723304898,
    "perf_macro_f1_avg_train": 0.6449386404741095,
    "perf_confusion_train": [
        [
            5192,
            69,
            0,
            2,
            0,
            307,
            0,
            34,
            337,
            13,
            2,
            0
        ],
        [
            592,
            890,
            0,
            1,
            1,
            420,
            0,
            18,
            294,
            28,
            1,
            16
        ],
        [
            6,
            7,
            184,
            0,
            0,
            20,
            0,
            21,
            41,
            24,
            24,
            0
        ],
        [
            81,
            48,
            0,
            335,
            0,
            111,
            0,
            57,
            293,
            189,
            6,
            26
        ],
        [
            0,
            1,
            0,
            0,
            40,
            1,
            0,
            0,
            1,
            0,
            0,
            0
        ],
        [
            327,
            63,
            1,
            1,
            0,
            4305,
            0,
            237,
            794,
            256,
            32,
            74
        ],
        [
            0,
            0,
            0,
            0,
            0,
            1,
            33,
            1,
            2,
            0,
            0,
            0
        ],
        [
            82,
            14,
            0,
            2,
            0,
            271,
            0,
            4032,
            2108,
            3754,
            1327,
            1137
        ],
        [
            213,
            53,
            4,
            10,
            1,
            678,
            0,
            1498,
            11691,
            5040,
            2190,
            1415
        ],
        [
            20,
            10,
            2,
            16,
            0,
            60,
            0,
            940,
            1945,
            12279,
            13121,
            6607
        ],
        [
            1,
            3,
            2,
            3,
            0,
            10,
            0,
            125,
            555,
            6760,
            22254,
            5287
        ],
        [
            1,
            1,
            0,
            4,
            0,
            12,
            0,
            113,
            100,
            2640,
            3686,
            28443
        ]
    ],
    "perf_kappa_train": 0.4728952437934031,
    "perf_within_class_accuracy_train": [
        0.8717259905977166,
        0.3936311366651924,
        0.5626911314984709,
        0.29232111692844676,
        0.9302325581395349,
        0.7068965517241379,
        0.8918918918918919,
        0.3168067887169011,
        0.5129206335278375,
        0.35082857142857143,
        0.6358285714285714,
        0.8126571428571429
    ],
    "perf_model_accuracy_val": 0.48316077591336426,
    "perf_f1_val": [
        0.539983164983165,
        0.0,
        0.5482469194594917,
        0.0,
        0.04081632653061224,
        0.0,
        0.0,
        0.2904603701945895,
        0.3412017167381974,
        0.2610571736785329,
        0.35998325659271657,
        0.6975648075412411
    ],
    "perf_macro_f1_w_val": 0.46963367476526,
    "perf_macro_f1_avg_val": 0.25660947797654554,
    "perf_confusion_val": [
        [
            242,
            31,
            0,
            0,
            0,
            1,
            0,
            0,
            18,
            0,
            0,
            0
        ],
        [
            526,
            16,
            0,
            1,
            0,
            29,
            0,
            0,
            36,
            1,
            0,
            0
        ],
        [
            1,
            0,
            0,
            0,
            0,
            1,
            0,
            0,
            18,
            1,
            0,
            0
        ],
        [
            12,
            5,
            0,
            0,
            0,
            1,
            0,
            0,
            1,
            0,
            0,
            0
        ],
        [
            213,
            13,
            0,
            2,
            0,
            96,
            0,
            0,
            2,
            0,
            0,
            0
        ],
        [
            511,
            82,
            8,
            5,
            1,
            1283,
            0,
            110,
            540,
            293,
            242,
            162
        ],
        [
            1,
            0,
            0,
            0,
            0,
            0,
            0,
            0,
            0,
            0,
            0,
            0
        ],
        [
            28,
            5,
            3,
            5,
            0,
            56,
            0,
            918,
            1116,
            2010,
            405,
            412
        ],
        [
            24,
            19,
            0,
            68,
            0,
            22,
            0,
            58,
            860,
            411,
            51,
            136
        ],
        [
            4,
            2,
            2,
            4,
            0,
            21,
            1,
            221,
            370,
            2544,
            2971,
            1360
        ],
        [
            0,
            2,
            2,
            2,
            0,
            0,
            0,
            27,
            139,
            1516,
            4605,
            1207
        ],
        [
            0,
            0,
            3,
            1,
            0,
            5,
            0,
            29,
            29,
            636,
            1025,
            5772
        ]
    ],
    "perf_kappa_val": 0.36475152779604025,