{
    "model_name": "HistGradientBoostingClassifier_baseline-wx_8_sic",
    "meta_runtime": 54.718751192092896,
    "model_params": {
        "categorical_features": null,
        "early_stopping": "auto",
        "l2_regularization": 0.0,
        "learning_rate": 0.05,
        "loss": "log_loss",
        "max_bins": 255,
        "max_depth": 20,
        "max_iter": 300,
        "max_leaf_nodes": 31,
        "min_samples_leaf": 20,
        "monotonic_cst": null,
        "n_iter_no_change": 10,
        "random_state": null,
        "scoring": "loss",
        "tol": 1e-07,
        "validation_fraction": 0.1,
        "verbose": 0,
        "warm_start": false
    },
    "meta_trainval_counts": [
        [
            82419,
            17139
        ],
        [
            35000,
            7500
        ],
        [
            35000,
            7500
        ],
        [
            35000,
            7500
        ],
        [
            35000,
            7500
        ],
        [
            35000,
            7500
        ],
        [
            35000,
            7500
        ],
        [
            35000,
            7500
        ],
        [
            35000,
            7500
        ],
        [
            35000,
            7500
        ],
        [
            20000,
            5000
        ],
        [
            35000,
            7500
        ]
    ],
    "perf_model_accuracy_train": 0.5977025721731404,
    "perf_f1_train": [
        0.5394982497082846,
        0.5407811186175302,
        0.6326519087418117,
        0.48702668011368844,
        0.46744384418538526,
        0.5705834060907752,
        0.612448833923291,
        0.3494246891090581,
        0.5383457173984894,
        0.7946696478951226,
        0.4379147230799553,
        0.7614973533555897
    ],
    "perf_macro_f1_w_train": 0.5831379261924808,
    "perf_macro_f1_avg_train": 0.5610238476849151,
    "perf_confusion_train": [
        [
            75347,
            1879,
            1284,
            578,
            1303,
            167,
            769,
            136,
            747,
            186,
            16,
            7
        ],
        [
            9985,
            13152,
            2955,
            1940,
            2119,
            766,
            1263,
            513,
            1508,
            682,
            58,
            59
        ],
        [
            5449,
            1650,
            15936,
            1543,
            1930,
            2792,
            1344,
            1163,
            2169,
            850,
            133,
            41
        ],
        [
            3368,
            1227,
            1556,
            18651,
            2373,
            2111,
            2788,
            784,
            924,
            941,
            88,
            189
        ],
        [
            3938,
            1216,
            1726,
            1793,
            21022,
            1477,
            2463,
            464,
            655,
            202,
            30,
            14
        ],
        [
            1305,
            473,
            1965,
            2704,
            1480,
            18494,
            4148,
            1417,
            727,
            1676,
            193,
            418
        ],
        [
            2407,
            394,
            919,
            2561,
            1619,
            2639,
            21893,
            1030,
            694,
            746,
            57,
            41
        ],
        [
            1898,
            506,
            2035,
            1971,
            979,
            2935,
            3835,
            9399,
            2905,
            5788,
            709,
            2040
        ],
        [
            2787,
            680,
            1721,
            1467,
            647,
            1442,
            2551,
            1861,
            13331,
            5742,
            663,
            2108
        ],
        [
            574,
            64,
            273,
            522,
            131,
            609,
            612,
            1419,
            1564,
            21989,
            1550,
            5693
        ],
        [
            132,
            23,
            68,
            209,
            44,
            107,
            60,
            331,
            440,
            4209,
            11203,
            3174
        ],
        [
            22,
            8,
            4,
            39,
            2,
            21,
            13,
            280,
            220,
            3680,
            716,
            29995
        ]
    ],
    "perf_kappa_train": 0.5524707835198646,
    "perf_within_class_accuracy_train": [
        0.9141945425205353,
        0.3757714285714286,
        0.4553142857142857,
        0.5328857142857143,
        0.6006285714285714,
        0.5284,
        0.6255142857142857,
        0.26854285714285714,
        0.38088571428571427,
        0.6282571428571428,
        0.56015,
        0.857
    ],
    "perf_model_accuracy_val": 0.44328230679747577,
    "perf_f1_val": [
        0.34712052246190384,
        0.31797689489997183,
        0.6397205588822354,
        0.21873631985991535,
        0.19222172552525707,
        0.3846987567739879,
        0.4474585559665708,
        0.151493848857645,
        0.38570001110247587,
        0.7422623801916933,
        0.19580315137032334,
        0.6627962085308056
    ],
    "perf_macro_f1_w_val": 0.41899013468980556,
    "perf_macro_f1_avg_val": 0.39049907786856547,