{
    "model_name": "HistGradientBoostingClassifier_baseline_64_bic",
    "meta_runtime": 8.809093713760376,
    "model_params": {
        "categorical_features": null,
        "early_stopping": "auto",
        "l2_regularization": 0.0,
        "learning_rate": 0.01,
        "loss": "log_loss",
        "max_bins": 255,
        "max_depth": null,
        "max_iter": 150,
        "max_leaf_nodes": 31,
        "min_samples_leaf": 20,
        "monotonic_cst": null,
        "n_iter_no_change": 10,
        "random_state": null,
        "scoring": "loss",
        "tol": 1e-07,
        "validation_fraction": 0.1,
        "verbose": 0,
        "warm_start": false
    },
    "meta_trainval_counts": [
        [
            54,
            16
        ],
        [
            74,
            19
        ],
        [
            38,
            10
        ],
        [
            26,
            7
        ],
        [
            20,
            6
        ],
        [
            266,
            67
        ],
        [
            13,
            4
        ],
        [
            580,
            146
        ],
        [
            529,
            133
        ],
        [
            14337,
            3585
        ],
        [
            18021,
            4506
        ],
        [
            19084,
            4771
        ]
    ],
    "perf_model_accuracy_train": 0.6383809056973719,
    "perf_f1_train": [
        0.00749063670411985,
        0.9387755102040816,
        0.6178334488563224,
        0.9444444444444444,
        0.7017543859649124,
        0.9600000000000001,
        0.9473684210526316,
        0.0,
        0.4788793477318068,
        0.9090909090909091,
        0.0037735849056603774,
        0.7679165850793028
    ],
    "perf_macro_f1_w_train": 0.619345495832172,
    "perf_macro_f1_avg_train": 0.6064439395028494,
    "perf_confusion_train": [
        [
            45,
            0,
            0,
            0,
            0,
            0,
            0,
            0,
            0,
            4,
            5,
            0
        ],
        [
            0,
            40,
            0,
            0,
            0,
            0,
            0,
            0,
            0,
            12,
            17,
            5
        ],
        [
            0,
            0,
            34,
            0,
            0,
            0,
            0,
            0,
            0,
            2,
            1,
            1
        ],
        [
            0,
            0,
            0,
            23,
            0,
            0,
            0,
            0,
            0,
            1,
            2,
            0
        ],
        [
            0,
            0,
            0,
            0,
            18,
            0,
            0,
            0,
            0,
            1,
            1,
            0
        ],
        [
            0,
            0,
            0,
            0,
            0,
            1,
            0,
            0,
            0,
            96,
            125,
            44
        ],
        [
            0,
            0,
            0,
            0,
            0,
            0,
            12,
            0,
            0,
            0,
            0,
            1
        ],
        [
            0,
            0,
            0,
            0,
            0,
            0,
            0,
            0,
            0,
            209,
            281,
            90
        ],
        [
            0,
            0,
            0,
            0,
            0,
            0,
            0,
            0,
            1,
            194,
            252,
            82
        ],
        [
            0,
            0,
            0,
            0,
            0,
            0,
            0,
            0,
            0,
            5521,
            6373,
            2443
        ],
        [
            0,
            0,
            0,
            0,
            0,
            0,
            0,
            0,
            0,
            2123,
            12479,
            3419
        ],
        [
            0,
            0,
            0,
            0,
            0,
            0,
            0,
            0,
            0,
            558,
            2839,
            15687
        ]
    ],
    "perf_kappa_train": 0.45584796203868216,
    "perf_within_class_accuracy_train": [
        0.8333333333333334,
        0.5405405405405406,
        0.8947368421052632,
        0.8846153846153846,
        0.9,
        0.0037593984962406013,
        0.9230769230769231,
        0.0,
        0.001890359168241966,
        0.38508753574666943,
        0.6924698962321736,
        0.8219974848040243
    ],
    "perf_model_accuracy_val": 0.6201959306706858,
    "perf_f1_val": [
        0.0,
        0.0,
        0.5976284584980236,
        0.0,
        0.0,
        0.0,
        0.0,
        0.0,
        0.45574841037979036,
        0.0,
        0.0,
        0.7613814756671899
    ],
    "perf_macro_f1_w_val": 0.599798259654243,
    "perf_macro_f1_avg_val": 0.151229862045417,
    "perf_confusion_val": [
        [
            0,
            0,
            0,
            0,
            0,
            0,
            0,
            0,
            0,
            6,
            10,
            0
        ],
        [
            0,
            0,
            0,
            0,
            0,
            0,
            0,
            0,
            0,
            7,
            12,
            0
        ],
        [
            0,
            0,
            0,
            0,
            0,
            0,
            0,
            0,
            0,
            5,
            3,
            2
        ],
        [
            0,
            0,
            0,
            0,
            0,
            0,
            0,
            0,
            0,
            3,
            4,
            0
        ],
        [
            0,
            0,
            0,
            0,
            0,
            0,
            0,
            0,
            0,
            2,
            2,
            2
        ],
        [
            0,
            0,
            0,
            0,
            0,
            0,
            0,
            0,
            0,
            18,
            33,
            16
        ],
        [
            0,
            0,
            0,
            0,
            0,
            0,
            0,
            0,
            0,
            2,
            2,
            0
        ],
        [
            0,
            0,
            0,
            0,
            0,
            0,
            0,
            0,
            0,
            55,
            71,
            20
        ],
        [
            0,
            0,
            0,
            0,
            0,
            0,
            0,
            0,
            0,
            47,
            72,
            14
        ],
        [
            0,
            0,
            0,
            0,
            0,
            0,
            0,
            0,
            0,
            1326,
            1659,
            600
        ],
        [
            1,
            0,
            0,
            0,
            0,
            0,
            0,
            0,
            0,
            594,
            3024,
            887
        ],
        [
            0,
            0,
            0,
            0,
            0,
            0,
            0,
            0,
            0,
            169,
            722,
            3880
        ]
    ],
    "perf_kappa_val": 0.42799629902295533,
    "perf_within_class_accuracy_val": [
        0.0,
        0.0,
        0.0,
        0.0,
        0.0,
        0.0,
        0.0,
        0.0,
        0.0,
        0.3698744769874477,
        0.6711051930758988,
        0.8132466988052819
    ],