{
    "model_name": "HistGradientBoostingClassifier_baseline-wx_8_mor",
    "meta_runtime": 11.330576419830322,
    "model_params": {
        "categorical_features": null,
        "early_stopping": "auto",
        "l2_regularization": 0.0,
        "learning_rate": 0.05,
        "loss": "log_loss",
        "max_bins": 255,
        "max_depth": 30,
        "max_iter": 200,
        "max_leaf_nodes": 31,
        "min_samples_leaf": 20,
        "monotonic_cst": null,
        "n_iter_no_change": 10,
        "random_state": null,
        "scoring": "loss",
        "tol": 1e-07,
        "validation_fraction": 0.1,
        "verbose": 0,
        "warm_start": false
    },
    "meta_trainval_counts": [
        [
            6530,
            1675
        ],
        [
            3487,
            896
        ],
        [
            4362,
            1067
        ],
        [
            3049,
            739
        ],
        [
            1880,
            447
        ],
        [
            4383,
            1079
        ],
        [
            1981,
            511
        ],
        [
            6329,
            1518
        ],
        [
            4889,
            1225
        ],
        [
            6308,
            1620
        ],
        [
            6605,
            1649
        ],
        [
            4281,
            1098
        ]
    ],
    "perf_model_accuracy_train": 0.5911175208934251,
    "perf_f1_train": [
        0.5614912480109114,
        0.5302570329892734,
        0.6371172000921023,
        0.5238929196897673,
        0.5385583318353407,
        0.6223862238622387,
        0.7056354916067147,
        0.49791298195967465,
        0.45628566169703666,
        0.747895895377444,
        0.4729747415259783,
        0.7466001813236628
    ],
    "perf_macro_f1_w_train": 0.5811425725519983,
    "perf_macro_f1_avg_train": 0.5867506591641788,
    "perf_confusion_train": [
        [
            5776,
            118,
            142,
            41,
            22,
            51,
            17,
            203,
            84,
            36,
            39,
            1
        ],
        [
            821,
            1498,
            230,
            67,
            42,
            136,
            16,
            353,
            141,
            105,
            75,
            3
        ],
        [
            605,
            114,
            2094,
            97,
            42,
            312,
            24,
            611,
            143,
            191,
            124,
            5
        ],
        [
            313,
            91,
            211,
            1310,
            50,
            288,
            47,
            424,
            103,
            113,
            97,
            2
        ],
        [
            197,
            36,
            109,
            40,
            1177,
            86,
            11,
            161,
            29,
            17,
            14,
            3
        ],
        [
            235,
            53,
            242,
            95,
            49,
            2470,
            39,
            731,
            71,
            218,
            171,
            9
        ],
        [
            126,
            15,
            83,
            38,
            8,
            217,
            1012,
            373,
            30,
            49,
            28,
            2
        ],
        [
            375,
            73,
            282,
            106,
            38,
            389,
            54,
            3519,
            202,
            530,
            681,
            80
        ],
        [
            374,
            65,
            178,
            73,
            24,
            299,
            38,
            796,
            1807,
            483,
            684,
            68
        ],
        [
            76,
            12,
            60,
            25,
            4,
            160,
            12,
            552,
            118,
            2479,
            2383,
            427
        ],
        [
            18,
            1,
            1,
            0,
            0,
            7,
            1,
            79,
            23,
            292,
            5534,
            649
        ],
        [
            0,
            0,
            0,
            0,
            0,
            0,
            0,
            4,
            1,
            45,
            937,
            3294
        ]
    ],
    "perf_kappa_train": 0.5454538449169029,
    "perf_within_class_accuracy_train": [
        0.8845329249617152,
        0.42959564095210784,
        0.48005502063273725,
        0.42964906526730073,
        0.6260638297872341,
        0.5635409536846908,
        0.5108531044926805,
        0.5560120082161479,
        0.3696052362446308,
        0.39299302473050096,
        0.8378501135503407,
        0.7694463910301331
    ],
    "perf_model_accuracy_val": 0.34804791481810116,
    "perf_f1_val": [
        0.20210333790580703,
        0.13059033989266547,
        0.49738219895287955,
        0.1742383752004276,
        0.1425546930134086,
        0.07680945347119646,
        0.24046920821114373,
        0.26490409538621046,
        0.258021832616606,
        0.6362477695641091,
        0.17391304347826086,
        0.6392045454545455
    ],
    "perf_macro_f1_w_val": 0.3250417476894698,
    "perf_macro_f1_avg_val": 0.28636990776227167,