{
    "model_name": "HistGradientBoostingClassifier_baseline_32_bic",
    "meta_runtime": 17.333826303482056,
    "model_params": {
        "categorical_features": null,
        "early_stopping": "auto",
        "l2_regularization": 0.0,
        "learning_rate": 0.01,
        "loss": "log_loss",
        "max_bins": 255,
        "max_depth": 5,
        "max_iter": 300,
        "max_leaf_nodes": 31,
        "min_samples_leaf": 20,
        "monotonic_cst": null,
        "n_iter_no_change": 10,
        "random_state": null,
        "scoring": "loss",
        "tol": 1e-07,
        "validation_fraction": 0.1,
        "verbose": 0,
        "warm_start": false
    },
    "meta_trainval_counts": [
        [
            464,
            119
        ],
        [
            686,
            172
        ],
        [
            703,
            176
        ],
        [
            441,
            111
        ],
        [
            294,
            74
        ],
        [
            2896,
            725
        ],
        [
            432,
            108
        ],
        [
            6482,
            1621
        ],
        [
            4012,
            1004
        ],
        [
            16806,
            4202
        ],
        [
            19061,
            4766
        ],
        [
            19423,
            4856
        ]
    ],
    "perf_model_accuracy_train": 0.49401673640167365,
    "perf_f1_train": [
        0.0714975845410628,
        0.05298013245033112,
        0.540707389528407,
        0.01692524682651622,
        0.04829545454545455,
        0.05405405405405406,
        0.12738853503184713,
        0.4440623703088872,
        0.3270274827179228,
        0.06666666666666667,
        0.06882022471910114,
        0.6851693643353575
    ],
    "perf_macro_f1_w_train": 0.45512131524856414,
    "perf_macro_f1_avg_train": 0.20863287547713402,
    "perf_confusion_train": [
        [
            16,
            0,
            0,
            0,
            0,
            7,
            0,
            297,
            9,
            89,
            38,
            8
        ],
        [
            0,
            17,
            0,
            0,
            0,
            16,
            0,
            392,
            17,
            148,
            49,
            47
        ],
        [
            0,
            0,
            6,
            0,
            0,
            11,
            0,
            412,
            8,
            170,
            59,
            37
        ],
        [
            0,
            0,
            0,
            12,
            0,
            6,
            0,
            259,
            4,
            104,
            35,
            21
        ],
        [
            0,
            0,
            0,
            0,
            20,
            0,
            0,
            163,
            1,
            63,
            27,
            20
        ],
        [
            0,
            0,
            0,
            0,
            0,
            111,
            0,
            1654,
            26,
            688,
            244,
            173
        ],
        [
            0,
            0,
            0,
            0,
            0,
            8,
            12,
            239,
            5,
            111,
            27,
            30
        ],
        [
            0,
            0,
            0,
            0,
            0,
            28,
            0,
            3745,
            35,
            1603,
            599,
            472
        ],
        [
            0,
            1,
            0,
            0,
            0,
            20,
            0,
            2227,
            147,
            997,
            368,
            252
        ],
        [
            0,
            0,
            0,
            0,
            0,
            2,
            0,
            850,
            8,
            4849,
            7487,
            3610
        ],
        [
            0,
            0,
            0,
            0,
            0,
            0,
            0,
            120,
            0,
            2913,
            11649,
            4379
        ],
        [
            0,
            0,
            0,
            0,
            0,
            0,
            0,
            27,
            0,
            1114,
            3445,
            14837
        ]
    ],
    "perf_kappa_train": 0.3387938135273234,
    "perf_within_class_accuracy_train": [
        0.034482758620689655,
        0.02478134110787172,
        0.008534850640113799,
        0.027210884353741496,
        0.06802721088435375,
        0.038328729281767955,
        0.027777777777777776,
        0.5777537796976242,
        0.03664007976071785,
        0.2885279066999881,
        0.611143171921725,
        0.7638881738145498
    ],
    "perf_model_accuracy_val": 0.47602319616371136,
    "perf_f1_val": [
        0.0384122919334187,
        0.0,
        0.5200037129861691,
        0.0,
        0.0,
        0.0,
        0.0,
        0.4218268090154212,
        0.3116498316498317,
        0.0,
        0.024482109227871942,
        0.6749608331029399
    ],
    "perf_macro_f1_w_val": 0.43502343598544996,
    "perf_macro_f1_avg_val": 0.16594463232630438,
    "perf_confusion_val": [
        [
            0,
            0,
            0,
            0,
            0,
            4,
            0,
            79,
            1,
            27,
            8,
            0
        ],
        [
            0,
            0,
            0,
            0,
            0,
            0,
            0,
            91,
            3,
            45,
            24,
            9
        ],
        [
            0,
            0,
            0,
            0,
            0,
            4,
            0,
            101,
            5,
            38,
            12,
            16
        ],
        [
            0,
            0,
            0,
            0,
            0,
            1,
            0,
            74,
            1,
            20,
            6,
            9
        ],
        [
            0,
            0,
            0,
            0,
            0,
            0,
            0,
            35,
            0,
            24,
            9,
            6
        ],
        [
            0,
            0,
            0,
            0,
            0,
            15,
            0,
            423,
            13,
            170,
            57,
            47
        ],
        [
            0,
            0,
            0,
            0,
            0,
            0,
            0,
            67,
            0,
            20,
            14,
            7
        ],
        [
            0,
            0,
            0,
            0,
            0,
            15,
            0,
            889,
            18,
            429,
            149,
            121
        ],
        [
            0,
            1,
            0,
            0,
            0,
            16,
            0,
            586,
            13,
            242,
            81,
            65
        ],
        [
            0,
            0,
            0,
            0,
            0,
            1,
            0,
            211,
            4,
            1157,
            1928,
            901
        ],
        [
            0,
            0,
            0,
            0,
            0,
            0,
            0,
            32,
            0,
            781,
            2801,
            1152
        ],
        [
            0,
            0,
            0,
            0,
            0,
            0,
            0,
            6,
            0,
            270,
            918,
            3662
        ]
    ],
    "perf_kappa_val": 0.3150481293007428,