{
    "model_name": "HistGradientBoostingClassifier_baseline_16_sic",
    "meta_runtime": 16.438804864883423,
    "model_params": {
        "categorical_features": null,
        "early_stopping": "auto",
        "l2_regularization": 0.0,
        "learning_rate": 0.01,
        "loss": "log_loss",
        "max_bins": 255,
        "max_depth": 5,
        "max_iter": 100,
        "max_leaf_nodes": 31,
        "min_samples_leaf": 20,
        "monotonic_cst": null,
        "n_iter_no_change": 10,
        "random_state": null,
        "scoring": "loss",
        "tol": 1e-07,
        "validation_fraction": 0.1,
        "verbose": 0,
        "warm_start": false
    },
    "meta_trainval_counts": [
        [
            61898,
            12876
        ],
        [
            35000,
            7500
        ],
        [
            35000,
            7500
        ],
        [
            35000,
            7500
        ],
        [
            35000,
            7500
        ],
        [
            35000,
            7500
        ],
        [
            35000,
            7500
        ],
        [
            35000,
            7500
        ],
        [
            35000,
            7500
        ],
        [
            35000,
            7500
        ],
        [
            35000,
            7500
        ],
        [
            35000,
            7500
        ]
    ],
    "perf_model_accuracy_train": 0.3723757993994155,
    "perf_f1_train": [
        0.3144523779166135,
        0.29828351237739376,
        0.4254865948683396,
        0.23807825318300946,
        0.04570978745736027,
        0.3711629971153135,
        0.38046075900965487,
        0.18023827175393525,
        0.1749124570953091,
        0.5855663824604141,
        0.22859110360544999,
        0.6227395151981531
    ],
    "perf_macro_f1_w_train": 0.33799532550347816,
    "perf_macro_f1_avg_train": 0.3221401676700789,
    "perf_confusion_train": [
        [
            48075,
            367,
            2727,
            1318,
            2249,
            592,
            3133,
            569,
            2051,
            452,
            291,
            74
        ],
        [
            14413,
            871,
            3408,
            3103,
            3611,
            1295,
            2702,
            1091,
            2203,
            766,
            1107,
            430
        ],
        [
            8890,
            481,
            7676,
            2563,
            2225,
            3577,
            2865,
            1882,
            2897,
            959,
            840,
            145
        ],
        [
            5508,
            400,
            2295,
            10218,
            2898,
            3398,
            4696,
            1641,
            1492,
            1042,
            990,
            422
        ],
        [
            7432,
            389,
            2702,
            3736,
            11940,
            2292,
            4010,
            553,
            1023,
            317,
            490,
            116
        ],
        [
            3002,
            188,
            3655,
            4405,
            1990,
            9865,
            4971,
            1785,
            1200,
            1182,
            1899,
            858
        ],
        [
            5540,
            146,
            1867,
            3671,
            1489,
            2991,
            15054,
            1559,
            1226,
            698,
            554,
            205
        ],
        [
            3181,
            94,
            2449,
            1827,
            678,
            2026,
            4119,
            5227,
            3506,
            3363,
            5113,
            3417
        ],
        [
            5264,
            151,
            1906,
            1725,
            565,
            1136,
            3226,
            3237,
            6971,
            3217,
            5157,
            2445
        ],
        [
            744,
            16,
            541,
            567,
            90,
            401,
            993,
            2983,
            2073,
            5045,
            15011,
            6536
        ],
        [
            210,
            6,
            221,
            249,
            27,
            141,
            304,
            1666,
            1027,
            3949,
            19576,
            7624
        ],
        [
            43,
            1,
            36,
            130,
            4,
            30,
            45,
            808,
            322,
            1696,
            5989,
            25896
        ]
    ],
    "perf_kappa_train": 0.3087110738194361,
    "perf_within_class_accuracy_train": [
        0.7766809913082814,
        0.024885714285714285,
        0.2193142857142857,
        0.29194285714285717,
        0.34114285714285714,
        0.28185714285714286,
        0.4301142857142857,
        0.14934285714285714,
        0.19917142857142858,
        0.14414285714285716,
        0.5593142857142858,
        0.7398857142857143
    ],
    "perf_model_accuracy_val": 0.3671678409662808,
    "perf_f1_val": [
        0.3419610231425091,
        0.2335817257469183,
        0.41786920478968376,
        0.2192176993709782,
        0.04528763769889841,
        0.3834551572108133,
        0.3976653098840335,
        0.1587015329125338,
        0.1759458119940525,
        0.5802355692924567,
        0.21752130363283,
        0.6171678145472871
    ],
    "perf_macro_f1_w_val": 0.33062740990593764,
    "perf_macro_f1_avg_val": 0.31571748251858295,