{
    "model_name": "HistGradientBoostingClassifier_baseline-wx_32_mor",
    "meta_runtime": 11.545878887176514,
    "model_params": {
        "categorical_features": null,
        "early_stopping": "auto",
        "l2_regularization": 0.0,
        "learning_rate": 0.1,
        "loss": "log_loss",
        "max_bins": 255,
        "max_depth": null,
        "max_iter": 200,
        "max_leaf_nodes": 31,
        "min_samples_leaf": 20,
        "monotonic_cst": null,
        "n_iter_no_change": 10,
        "random_state": null,
        "scoring": "loss",
        "tol": 1e-07,
        "validation_fraction": 0.1,
        "verbose": 0,
        "warm_start": false
    },
    "meta_trainval_counts": [
        [
            2057,
            511
        ],
        [
            3191,
            814
        ],
        [
            3746,
            910
        ],
        [
            3111,
            740
        ],
        [
            1389,
            338
        ],
        [
            4065,
            1010
        ],
        [
            2401,
            619
        ],
        [
            5681,
            1471
        ],
        [
            4225,
            1060
        ],
        [
            5494,
            1313
        ],
        [
            5647,
            1401
        ],
        [
            3871,
            1033
        ]
    ],
    "perf_model_accuracy_train": 0.8863585721288827,
    "perf_f1_train": [
        0.8762797582336254,
        0.9285258455647735,
        0.8686517783291978,
        0.9005166247185058,
        0.9398112331734488,
        0.9306806282722513,
        0.9671772428884027,
        0.8439306358381502,
        0.8134408080023308,
        0.9725127706154221,
        0.8537996980372421,
        0.9221331997996995
    ],
    "perf_macro_f1_w_train": 0.8856677629629572,
    "perf_macro_f1_avg_train": 0.9014550186227542,
    "perf_confusion_train": [
        [
            1999,
            36,
            9,
            2,
            2,
            0,
            1,
            3,
            5,
            0,
            0,
            0
        ],
        [
            28,
            3037,
            39,
            24,
            3,
            10,
            10,
            13,
            24,
            3,
            0,
            0
        ],
        [
            11,
            44,
            3399,
            40,
            7,
            86,
            9,
            100,
            39,
            11,
            0,
            0
        ],
        [
            4,
            32,
            33,
            2910,
            4,
            48,
            13,
            39,
            24,
            4,
            0,
            0
        ],
        [
            0,
            15,
            11,
            10,
            1326,
            12,
            2,
            10,
            2,
            1,
            0,
            0
        ],
        [
            3,
            17,
            74,
            40,
            2,
            3552,
            33,
            219,
            54,
            55,
            15,
            1
        ],
        [
            3,
            8,
            13,
            17,
            1,
            43,
            2222,
            73,
            13,
            6,
            0,
            2
        ],
        [
            4,
            34,
            124,
            53,
            7,
            144,
            45,
            4818,
            92,
            238,
            103,
            19
        ],
        [
            1,
            39,
            80,
            51,
            0,
            104,
            25,
            255,
            3393,
            164,
            101,
            12
        ],
        [
            1,
            9,
            20,
            10,
            1,
            43,
            14,
            196,
            75,
            4188,
            795,
            142
        ],
        [
            0,
            1,
            1,
            0,
            0,
            0,
            0,
            10,
            1,
            125,
            5251,
            258
        ],
        [
            0,
            0,
            0,
            0,
            0,
            0,
            0,
            1,
            1,
            8,
            178,
            3683
        ]
    ],
    "perf_kappa_train": 0.8745367431093843,
    "perf_within_class_accuracy_train": [
        0.9718035974720467,
        0.9517392666875587,
        0.907367859049653,
        0.9353905496624879,
        0.9546436285097192,
        0.8738007380073801,
        0.9254477301124532,
        0.8480901249779969,
        0.803076923076923,
        0.7622861303239898,
        0.9298742695236408,
        0.9514337380521829
    ],
    "perf_model_accuracy_val": 0.40445632798573977,
    "perf_f1_val": [
        0.34050343249427917,
        0.36737692872887584,
        0.5319219318557724,
        0.3370919881305638,
        0.3994691439946914,
        0.25346534653465347,
        0.3825136612021858,
        0.3456288120824862,
        0.36875439831104856,
        0.574468085106383,
        0.23085221143473572,
        0.6771190592846644
    ],
    "perf_macro_f1_w_val": 0.4019083165256054,
    "perf_macro_f1_avg_val": 0.40076374993002833,
    "perf_confusion_val": [
        [
            270,
            109,
            35,
            11,
            7,
            13,
            5,
            28,
            24,
            7,
            2,
            0
        ],
        [
            76,
            301,
            114,
            62,
            25,
            45,
            18,
            83,
            61,
            22,
            7,
            0
        ],
        [
            30,
            61,
            284,
            65,
            17,
            134,
            30,
            179,
            77,
            25,
            6,
            2
        ],
        [
            9,
            50,
            61,
            250,
            13,
            123,
            32,
            108,
            67,
            26,
            1,
            0
        ],
        [
            10,
            37,
            27,
            30,
            105,
            56,
            15,
            42,
            5,
            11,
            0,
            0
        ],
        [
            6,
            32,
            61,
            69,
            15,
            372,
            46,
            256,
            57,
            82,
            12,
            2
        ],
        [
            4,
            21,
            39,
            33,
            8,
            100,
            128,
            209,
            41,
            35,
            1,
            0
        ],
        [
            9,
            31,
            74,
            37,
            16,
            179,
            63,
            595,
            162,
            239,
            59,
            7
        ],
        [
            13,
            42,
            58,
            53,
            4,
            96,
            35,
            282,
            214,
            190,
            60,
            13
        ],
        [
            2,
            8,
            21,
            9,
            1,
            54,
            19,
            159,
            61,
            524,
            385,
            70
        ],
        [
            0,
            1,
            1,
            1,
            0,
            3,
            0,
            29,
            19,
            320,
            804,
            223
        ],
        [
            0,
            0,
            0,
            1,
            0,
            0,
            0,
            2,
            6,
            48,
            285,
            691
        ]
    ],
    "perf_kappa_val": 0.3387337304545105,