{
    "model_name": "HistGradientBoostingClassifier_baseline-wx_64_bic",
    "meta_runtime": 19.740912199020386,
    "model_params": {
        "categorical_features": null,
        "early_stopping": "auto",
        "l2_regularization": 0.0,
        "learning_rate": 0.01,
        "loss": "log_loss",
        "max_bins": 255,
        "max_depth": null,
        "max_iter": 300,
        "max_leaf_nodes": 31,
        "min_samples_leaf": 20,
        "monotonic_cst": null,
        "n_iter_no_change": 10,
        "random_state": null,
        "scoring": "loss",
        "tol": 1e-07,
        "validation_fraction": 0.1,
        "verbose": 0,
        "warm_start": false
    },
    "meta_trainval_counts": [
        [
            54,
            16
        ],
        [
            74,
            19
        ],
        [
            38,
            10
        ],
        [
            26,
            7
        ],
        [
            20,
            6
        ],
        [
            266,
            67
        ],
        [
            13,
            4
        ],
        [
            580,
            146
        ],
        [
            529,
            133
        ],
        [
            14337,
            3585
        ],
        [
            18021,
            4506
        ],
        [
            19084,
            4771
        ]
    ],
    "perf_model_accuracy_train": 0.7644508125636288,
    "perf_f1_train": [
        0.4756446991404012,
        0.9387755102040816,
        0.7266164304157665,
        0.9444444444444444,
        0.950354609929078,
        0.9600000000000001,
        0.9473684210526316,
        0.06988352745424294,
        0.6581625018704175,
        0.9514563106796117,
        0.1073345259391771,
        0.8932870429031196
    ],
    "perf_macro_f1_w_train": 0.7544056334829977,
    "perf_macro_f1_avg_train": 0.7186106686694144,
    "perf_confusion_train": [
        [
            49,
            0,
            0,
            0,
            0,
            0,
            0,
            0,
            0,
            2,
            3,
            0
        ],
        [
            0,
            67,
            0,
            0,
            0,
            0,
            0,
            0,
            0,
            5,
            2,
            0
        ],
        [
            0,
            0,
            34,
            0,
            0,
            0,
            0,
            0,
            0,
            0,
            4,
            0
        ],
        [
            0,
            0,
            0,
            23,
            0,
            0,
            0,
            0,
            0,
            3,
            0,
            0
        ],
        [
            0,
            0,
            0,
            0,
            18,
            0,
            0,
            0,
            0,
            0,
            2,
            0
        ],
        [
            0,
            0,
            0,
            0,
            0,
            83,
            0,
            0,
            0,
            92,
            79,
            12
        ],
        [
            0,
            0,
            0,
            0,
            0,
            0,
            12,
            0,
            0,
            1,
            0,
            0
        ],
        [
            0,
            0,
            0,
            0,
            0,
            0,
            0,
            21,
            0,
            301,
            221,
            37
        ],
        [
            0,
            0,
            0,
            0,
            0,
            0,
            0,
            0,
            30,
            305,
            166,
            28
        ],
        [
            0,
            0,
            0,
            0,
            0,
            0,
            0,
            0,
            0,
            8797,
            4563,
            977
        ],
        [
            0,
            0,
            0,
            0,
            0,
            0,
            0,
            0,
            0,
            2534,
            13789,
            1698
        ],
        [
            0,
            0,
            0,
            0,
            0,
            0,
            0,
            0,
            0,
            355,
            1104,
            17625
        ]
    ],
    "perf_kappa_train": 0.6489155481493224,
    "perf_within_class_accuracy_train": [
        0.9074074074074074,
        0.9054054054054054,
        0.8947368421052632,
        0.8846153846153846,
        0.9,
        0.31203007518796994,
        0.9230769230769231,
        0.03620689655172414,
        0.05671077504725898,
        0.6135872218734743,
        0.7651628655457522,
        0.9235485223223643
    ],
    "perf_model_accuracy_val": 0.6822908816880181,
    "perf_f1_val": [
        0.0,
        0.0,
        0.6347521494533489,
        0.0,
        0.0,
        0.0,
        0.0,
        0.0,
        0.586017724011816,
        0.0,
        0.0,
        0.8292022495313477
    ],
    "perf_macro_f1_w_val": 0.671981210138147,
    "perf_macro_f1_avg_val": 0.17083101024970937,
    "perf_confusion_val": [
        [
            0,
            0,
            0,
            0,
            0,
            0,
            0,
            0,
            0,
            8,
            8,
            0
        ],
        [
            0,
            0,
            0,
            0,
            0,
            0,
            0,
            0,
            0,
            12,
            7,
            0
        ],
        [
            0,
            0,
            0,
            0,
            0,
            0,
            0,
            0,
            0,
            5,
            5,
            0
        ],
        [
            0,
            0,
            0,
            0,
            0,
            0,
            0,
            0,
            0,
            3,
            3,
            1
        ],
        [
            0,
            0,
            0,
            0,
            0,
            0,
            0,
            0,
            0,
            4,
            1,
            1
        ],
        [
            0,
            0,
            0,
            0,
            0,
            0,
            0,
            0,
            0,
            34,
            25,
            8
        ],
        [
            0,
            0,
            0,
            0,
            0,
            0,
            0,
            0,
            0,
            2,
            2,
            0
        ],
        [
            0,
            0,
            0,
            0,
            0,
            0,
            0,
            0,
            0,
            90,
            51,
            5
        ],
        [
            0,
            0,
            0,
            0,
            0,
            0,
            0,
            0,
            0,
            78,
            52,
            3
        ],
        [
            0,
            0,
            0,
            0,
            0,
            0,
            0,
            0,
            0,
            2083,
            1220,
            282
        ],
        [
            0,
            0,
            0,
            0,
            0,
            0,
            0,
            0,
            0,
            966,
            2990,
            550
        ],
        [
            0,
            0,
            0,
            0,
            0,
            0,
            0,
            0,
            0,
            239,
            551,
            3981
        ]
    ],
    "perf_kappa_val": 0.5269356982320581,
    "perf_within_class_accuracy_val": [
        0.0,
        0.0,
        0.0,
        0.0,
        0.0,
        0.0,
        0.0,
        0.0,
        0.0,
        0.5810320781032078,
        0.6635596981802042,
        0.8344162649339761
    ],