{
    "model_name": "logite_baseline_8_mor",
    "meta_runtime": 0.9187028408050537,
    "meta_trainval_counts": [
        [
            3487,
            896
        ],
        [
            4362,
            1067
        ],
        [
            6530,
            1675
        ],
        [
            1880,
            447
        ],
        [
            4281,
            1098
        ],
        [
            4889,
            1225
        ],
        [
            6605,
            1649
        ],
        [
            3049,
            739
        ],
        [
            6308,
            1620
        ],
        [
            4383,
            1079
        ],
        [
            6329,
            1518
        ],
        [
            1981,
            511
        ]
    ],
    "perf_model_accuracy_train": 0.3082797130389764,
    "perf_f1_train": [
        0.24056603773584903,
        0.15046904315197,
        0.44573331185220993,
        0.16145627225959636,
        0.10053013940702925,
        0.13850837138508373,
        0.2181384248210024,
        0.19265127254340134,
        0.08929663608562691,
        0.569949544590787,
        0.13829787234042554,
        0.5614136175933928
    ],
    "perf_macro_f1_w_train": 0.2732869122875389,
    "perf_macro_f1_avg_train": 0.25058421198053116,
    "perf_confusion_train": [
        [
            256,
            378,
            1139,
            210,
            29,
            260,
            199,
            220,
            69,
            277,
            314,
            136
        ],
        [
            215,
            612,
            752,
            307,
            40,
            294,
            333,
            236,
            137,
            735,
            556,
            145
        ],
        [
            345,
            362,
            4349,
            168,
            27,
            280,
            138,
            145,
            79,
            189,
            290,
            158
        ],
        [
            104,
            169,
            285,
            457,
            11,
            88,
            63,
            147,
            28,
            279,
            155,
            94
        ],
        [
            4,
            5,
            3,
            11,
            2923,
            33,
            1151,
            6,
            94,
            11,
            40,
            0
        ],
        [
            203,
            295,
            518,
            163,
            240,
            520,
            1017,
            237,
            243,
            541,
            687,
            225
        ],
        [
            8,
            30,
            45,
            36,
            1524,
            129,
            4150,
            5,
            307,
            84,
            274,
            13
        ],
        [
            130,
            238,
            416,
            233,
            26,
            155,
            235,
            401,
            61,
            572,
            362,
            220
        ],
        [
            38,
            114,
            152,
            94,
            976,
            281,
            3113,
            69,
            365,
            359,
            637,
            110
        ],
        [
            103,
            421,
            347,
            300,
            52,
            131,
            380,
            347,
            115,
            1224,
            716,
            247
        ],
        [
            135,
            459,
            520,
            235,
            269,
            386,
            1149,
            282,
            320,
            1091,
            1143,
            340
        ],
        [
            65,
            136,
            205,
            96,
            15,
            74,
            88,
            186,
            49,
            431,
            363,
            273
        ]
    ],
    "perf_kappa_train": 0.23432444253330953,
    "perf_within_class_accuracy_train": [
        0.07341554344708918,
        0.14030261348005502,
        0.6660030627871363,
        0.24308510638297873,
        0.6827843961691193,
        0.1063612190632031,
        0.6283118849356548,
        0.13151853066579205,
        0.05786303107165504,
        0.2792607802874743,
        0.1805972507505135,
        0.13780918727915195
    ],
    "perf_model_accuracy_val": 0.30937592428275656,
    "perf_f1_val": [
        0.22479075328816264,
        0.13793103448275862,
        0.4426404614398633,
        0.15842636895268475,
        0.10600155884645363,
        0.14171656686626743,
        0.21786064769381747,
        0.18866620594333103,
        0.08163265306122448,
        0.565228491192239,
        0.15368531102979613,
        0.5873804971319311
    ],
    "perf_macro_f1_w_val": 0.27409196975541833,
    "perf_macro_f1_avg_val": 0.25049671249404415,
    "perf_confusion_val": [
        [
            68,
            95,
            288,
            64,
            6,
            81,
            51,
            46,
            16,
            79,
            74,
            28
        ],
        [
            62,
            149,
            183,
            72,
            3,
            73,
            76,
            64,
            35,
            185,
            141,
            24
        ],
        [
            84,
            99,
            1107,
            48,
            6,
            85,
            32,
            33,
            20,
            47,
            62,
            52
        ],
        [
            15,
            48,
            74,
            111,
            3,
            21,
            19,
            40,
            3,
            64,
            34,
            15
        ],
        [
            0,
            2,
            4,
            4,
            768,
            5,
            275,
            2,
            23,
            3,
            12,
            0
        ],
        [
            42,
            69,
            126,
            35,
            57,
            147,
            279,
            64,
            64,
            129,
            153,
            60
        ],
        [
            0,
            11,
            10,
            10,
            379,
            32,
            1036,
            1,
            70,
            20,
            78,
            2
        ],
        [
            24,
            63,
            121,
            57,
            5,
            34,
            46,
            88,
            18,
            131,
            98,
            54
        ],
        [
            12,
            28,
            56,
            20,
            227,
            56,
            822,
            23,
            84,
            103,
            158,
            31
        ],
        [
            32,
            113,
            85,
            65,
            15,
            37,
            92,
            69,
            28,
            282,
            197,
            64
        ],
        [
            35,
            110,
            137,
            57,
            48,
            87,
            276,
            66,
            58,
            281,
            273,
            90
        ],
        [
            13,
            27,
            51,
            29,
            0,
            30,
            28,
            41,
            19,
            106,
            96,
            71
        ]
    ],
    "perf_kappa_val": 0.23527060176476133,
    "perf_within_class_accuracy_val": [
        0.07589285714285714,
        0.13964386129334583,
        0.6608955223880597,
        0.2483221476510067,
        0.6994535519125683,
        0.12,
        0.6282595512431777,
        0.11907983761840325,
        0.05185185185185185,
        0.26135310472659873,
        0.17984189723320157,
        0.13894324853228962
    ],