{
    "model_name": "logite_baseline_32_bic",
    "meta_runtime": 1.3839588165283203,
    "meta_trainval_counts": [
        [
            19061,
            4766
        ],
        [
            19423,
            4856
        ],
        [
            16806,
            4202
        ],
        [
            6482,
            1621
        ],
        [
            294,
            74
        ],
        [
            2896,
            725
        ],
        [
            4012,
            1004
        ],
        [
            703,
            176
        ],
        [
            441,
            111
        ],
        [
            686,
            172
        ],
        [
            464,
            119
        ],
        [
            432,
            108
        ]
    ],
    "perf_model_accuracy_train": 0.46658298465829845,
    "perf_f1_train": [
        0.004032258064516129,
        0.0,
        0.5226700849831458,
        0.0,
        0.0,
        0.0,
        0.0,
        0.4116285052739902,
        0.2900151613601906,
        0.0,
        0.011154219204655674,
        0.6789316025961059
    ],
    "perf_macro_f1_w_train": 0.4288438204588172,
    "perf_macro_f1_avg_train": 0.15986931929021703,
    "perf_confusion_train": [
        [
            11009,
            3510,
            3387,
            1113,
            11,
            20,
            6,
            0,
            1,
            2,
            0,
            2
        ],
        [
            3748,
            13599,
            1545,
            484,
            12,
            17,
            9,
            0,
            0,
            4,
            3,
            2
        ],
        [
            7061,
            2792,
            4017,
            2879,
            11,
            20,
            11,
            0,
            2,
            8,
            2,
            3
        ],
        [
            508,
            320,
            827,
            4800,
            0,
            8,
            19,
            0,
            0,
            0,
            0,
            0
        ],
        [
            27,
            14,
            29,
            218,
            0,
            2,
            3,
            0,
            0,
            0,
            0,
            1
        ],
        [
            218,
            121,
            324,
            2201,
            1,
            6,
            25,
            0,
            0,
            0,
            0,
            0
        ],
        [
            308,
            184,
            488,
            3001,
            2,
            4,
            23,
            0,
            1,
            1,
            0,
            0
        ],
        [
            55,
            27,
            73,
            545,
            0,
            1,
            2,
            0,
            0,
            0,
            0,
            0
        ],
        [
            31,
            14,
            44,
            349,
            0,
            0,
            3,
            0,
            0,
            0,
            0,
            0
        ],
        [
            43,
            29,
            87,
            522,
            1,
            0,
            4,
            0,
            0,
            0,
            0,
            0
        ],
        [
            30,
            7,
            35,
            388,
            0,
            0,
            4,
            0,
            0,
            0,
            0,
            0
        ],
        [
            27,
            20,
            40,
            340,
            0,
            2,
            3,
            0,
            0,
            0,
            0,
            0
        ]
    ],
    "perf_kappa_train": 0.3157116015782625,
    "perf_within_class_accuracy_train": [
        0.5775667593515555,
        0.70014930752201,
        0.23902177793645127,
        0.7405121875964209,
        0.0,
        0.0020718232044198894,
        0.005732801595214357,
        0.0,
        0.0,
        0.0,
        0.0,
        0.0
    ],
    "perf_model_accuracy_val": 0.4638117542098807,
    "perf_f1_val": [
        0.00535475234270415,
        0.0,
        0.5135750901841656,
        0.0,
        0.0,
        0.0,
        0.024096385542168676,
        0.41347150259067356,
        0.2931952237088189,
        0.0,
        0.019120458891013385,
        0.6753816984332901
    ],
    "perf_macro_f1_w_val": 0.42681266375816257,
    "perf_macro_f1_avg_val": 0.1620162593077362,
    "perf_confusion_val": [
        [
            2705,
            901,
            875,
            272,
            3,
            4,
            3,
            0,
            0,
            1,
            1,
            1
        ],
        [
            976,
            3384,
            366,
            111,
            2,
            9,
            5,
            0,
            0,
            0,
            3,
            0
        ],
        [
            1781,
            687,
            1019,
            698,
            2,
            5,
            8,
            0,
            0,
            0,
            2,
            0
        ],
        [
            131,
            82,
            203,
            1197,
            0,
            2,
            5,
            0,
            0,
            1,
            0,
            0
        ],
        [
            5,
            3,
            15,
            49,
            1,
            0,
            1,
            0,
            0,
            0,
            0,
            0
        ],
        [
            47,
            35,
            77,
            556,
            1,
            2,
            7,
            0,
            0,
            0,
            0,
            0
        ],
        [
            72,
            46,
            121,
            755,
            0,
            0,
            10,
            0,
            0,
            0,
            0,
            0
        ],
        [
            9,
            11,
            23,
            133,
            0,
            0,
            0,
            0,
            0,
            0,
            0,
            0
        ],
        [
            6,
            6,
            8,
            91,
            0,
            0,
            0,
            0,
            0,
            0,
            0,
            0
        ],
        [
            19,
            6,
            20,
            125,
            0,
            0,
            1,
            0,
            0,
            0,
            1,
            0
        ],
        [
            5,
            0,
            9,
            103,
            0,
            0,
            2,
            0,
            0,
            0,
            0,
            0
        ],
        [
            12,
            4,
            13,
            79,
            0,
            0,
            0,
            0,
            0,
            0,
            0,
            0
        ]
    ],
    "perf_kappa_val": 0.31207844130664153,
    "perf_within_class_accuracy_val": [
        0.5675618967687789,
        0.6968698517298187,
        0.24250356972870063,
        0.7384330660086367,
        0.013513513513513514,
        0.002758620689655172,
        0.0099601593625498,
        0.0,
        0.0,
        0.0,
        0.0,
        0.0
    ],
    "meta_class_names": [
        "countryside_agriculture",
        "wild_countryside",
        "urban_buffer",
        "open_sprawl",
        "gridded_residential_quarters",
        "accessible_suburbia",
        "warehouse_park_land",
        "dense_residential_neighbourhoods",
        "connected_residential_neighbourhoods",
        "dense_urban_neighbourhoods",
        "urbanity",
        "disconnected_suburbia"
    ],
    "meta_n_class": 12,
    "meta_preds_path": "/home/jovyan/data/spatial_signatures/chip_probs/prod_model_outputs/",