{
    "model_name": "logite_baseline_64_mor",
    "meta_runtime": 0.7416210174560547,
    "meta_trainval_counts": [
        [
            5070,
            1247
        ],
        [
            3549,
            863
        ],
        [
            3643,
            942
        ],
        [
            2074,
            503
        ],
        [
            4570,
            1164
        ],
        [
            1882,
            468
        ],
        [
            3660,
            946
        ],
        [
            2505,
            592
        ],
        [
            3867,
            997
        ],
        [
            5353,
            1326
        ],
        [
            859,
            223
        ],
        [
            952,
            225
        ]
    ],
    "perf_model_accuracy_train": 0.5756897641112048,
    "perf_f1_train": [
        0.5643249494073432,
        0.7075119872136387,
        0.53692458374143,
        0.6746253492506985,
        0.6743772241992881,
        0.5896474118529633,
        0.6569664902998237,
        0.5226700251889169,
        0.3076704948248972,
        0.6679018063918482,
        0.5220349009168884,
        0.6670341786108049
    ],
    "perf_macro_f1_w_train": 0.5619765316318285,
    "perf_macro_f1_avg_train": 0.5909741168248784,
    "perf_confusion_train": [
        [
            2741,
            50,
            43,
            22,
            572,
            7,
            110,
            13,
            1402,
            104,
            5,
            1
        ],
        [
            6,
            2656,
            85,
            191,
            15,
            22,
            78,
            133,
            3,
            143,
            116,
            101
        ],
        [
            38,
            313,
            1952,
            134,
            105,
            197,
            183,
            245,
            18,
            319,
            49,
            90
        ],
        [
            4,
            146,
            32,
            1516,
            9,
            19,
            25,
            75,
            3,
            32,
            138,
            75
        ],
        [
            1360,
            183,
            263,
            59,
            1085,
            87,
            323,
            105,
            559,
            472,
            34,
            40
        ],
        [
            5,
            92,
            143,
            45,
            20,
            1179,
            91,
            77,
            5,
            160,
            27,
            38
        ],
        [
            136,
            300,
            191,
            176,
            208,
            146,
            1765,
            154,
            84,
            366,
            94,
            40
        ],
        [
            8,
            64,
            103,
            72,
            12,
            70,
            51,
            1992,
            2,
            52,
            31,
            48
        ],
        [
            677,
            3,
            11,
            6,
            104,
            0,
            23,
            3,
            3025,
            13,
            0,
            2
        ],
        [
            163,
            426,
            428,
            137,
            343,
            365,
            431,
            271,
            99,
            2490,
            75,
            125
        ],
        [
            1,
            43,
            5,
            36,
            2,
            10,
            3,
            16,
            2,
            9,
            721,
            11
        ],
        [
            1,
            49,
            19,
            28,
            8,
            15,
            19,
            42,
            1,
            15,
            10,
            745
        ]
    ],
    "perf_kappa_train": 0.5309144843310507,
    "perf_within_class_accuracy_train": [
        0.5406311637080868,
        0.7483798253029023,
        0.5358221246225638,
        0.7309546769527483,
        0.237417943107221,
        0.626461211477152,
        0.4822404371584699,
        0.7952095808383234,
        0.78226014998707,
        0.4651597235195218,
        0.8393480791618161,
        0.782563025210084
    ],
    "perf_model_accuracy_val": 0.5756107834877844,
    "perf_f1_val": [
        0.5535097813578825,
        0.7095343680709534,
        0.5419103313840156,
        0.6583592938733125,
        0.680284191829485,
        0.599601593625498,
        0.6486486486486486,
        0.49873631002527385,
        0.32997762863534674,
        0.651685393258427,
        0.5526315789473685,
        0.6733888645330995
    ],
    "perf_macro_f1_w_val": 0.5622390032839062,
    "perf_macro_f1_avg_val": 0.591522332015776,
    "perf_confusion_val": [
        [
            695,
            9,
            9,
            4,
            129,
            1,
            39,
            4,
            326,
            29,
            0,
            2
        ],
        [
            3,
            634,
            27,
            41,
            8,
            9,
            12,
            31,
            1,
            45,
            28,
            24
        ],
        [
            11,
            92,
            481,
            31,
            33,
            55,
            43,
            66,
            7,
            91,
            7,
            25
        ],
        [
            1,
            33,
            8,
            383,
            0,
            8,
            3,
            8,
            0,
            8,
            33,
            18
        ],
        [
            341,
            40,
            58,
            21,
            295,
            24,
            71,
            31,
            137,
            129,
            8,
            9
        ],
        [
            1,
            28,
            24,
            13,
            9,
            301,
            22,
            17,
            0,
            38,
            3,
            12
        ],
        [
            39,
            75,
            45,
            39,
            45,
            28,
            483,
            41,
            20,
            96,
            26,
            9
        ],
        [
            2,
            14,
            16,
            23,
            1,
            11,
            15,
            480,
            0,
            12,
            8,
            10
        ],
        [
            184,
            1,
            6,
            4,
            28,
            1,
            2,
            0,
            768,
            3,
            0,
            0
        ],
        [
            41,
            120,
            117,
            37,
            75,
            91,
            106,
            63,
            25,
            592,
            23,
            36
        ],
        [
            0,
            10,
            3,
            19,
            0,
            2,
            0,
            9,
            0,
            1,
            174,
            5
        ],
        [
            0,
            7,
            2,
            8,
            1,
            5,
            6,
            11,
            0,
            4,
            1,
            180
        ]
    ],
    "perf_kappa_val": 0.5307317354667553,
    "perf_within_class_accuracy_val": [
        0.5573376102646351,
        0.7346465816917729,
        0.5106157112526539,
        0.7614314115308151,
        0.2534364261168385,
        0.6431623931623932,
        0.5105708245243129,
        0.8108108108108109,
        0.7703109327983951,
        0.4464555052790347,
        0.7802690582959642,
        0.8
    ],