{
    "model_name": "logite_baseline_16_mor",
    "meta_runtime": 0.8496541976928711,
    "meta_trainval_counts": [
        [
            4444,
            1115
        ],
        [
            6141,
            1571
        ],
        [
            4224,
            1083
        ],
        [
            4127,
            987
        ],
        [
            3234,
            815
        ],
        [
            3020,
            765
        ],
        [
            6211,
            1537
        ],
        [
            6361,
            1591
        ],
        [
            2070,
            548
        ],
        [
            4102,
            1096
        ],
        [
            1609,
            395
        ],
        [
            4861,
            1099
        ]
    ],
    "perf_model_accuracy_train": 0.31084834536941514,
    "perf_f1_train": [
        0.27004459626150484,
        0.19178082191780824,
        0.470640400329385,
        0.16848950635530596,
        0.1419141914191419,
        0.15809344030202924,
        0.2044750430292599,
        0.2522645961787318,
        0.13177296664716207,
        0.49840695771979693,
        0.10759096612296108,
        0.5809672997846094
    ],
    "perf_macro_f1_w_train": 0.27589543843743025,
    "perf_macro_f1_avg_train": 0.2647033988389747,
    "perf_confusion_train": [
        [
            1423,
            154,
            293,
            349,
            71,
            441,
            245,
            927,
            271,
            64,
            118,
            88
        ],
        [
            377,
            563,
            116,
            186,
            55,
            74,
            2603,
            805,
            159,
            980,
            51,
            172
        ],
        [
            757,
            145,
            570,
            795,
            255,
            314,
            183,
            676,
            183,
            17,
            153,
            176
        ],
        [
            110,
            42,
            181,
            2894,
            228,
            139,
            79,
            178,
            75,
            8,
            98,
            95
        ],
        [
            288,
            59,
            309,
            1111,
            344,
            264,
            117,
            277,
            136,
            21,
            173,
            135
        ],
        [
            652,
            74,
            188,
            397,
            131,
            560,
            107,
            433,
            235,
            14,
            136,
            93
        ],
        [
            59,
            438,
            32,
            52,
            16,
            9,
            3715,
            212,
            22,
            1573,
            6,
            77
        ],
        [
            1101,
            417,
            360,
            546,
            163,
            323,
            787,
            1657,
            392,
            243,
            117,
            255
        ],
        [
            439,
            38,
            98,
            209,
            32,
            231,
            51,
            534,
            335,
            4,
            58,
            41
        ],
        [
            4,
            110,
            9,
            11,
            2,
            3,
            952,
            34,
            1,
            2967,
            0,
            9
        ],
        [
            315,
            31,
            118,
            262,
            95,
            158,
            37,
            166,
            94,
            5,
            297,
            31
        ],
        [
            570,
            333,
            268,
            674,
            222,
            304,
            700,
            877,
            265,
            216,
            89,
            343
        ]
    ],
    "perf_kappa_train": 0.23934962223451606,
    "perf_within_class_accuracy_train": [
        0.3202070207020702,
        0.09167887966129296,
        0.13494318181818182,
        0.701235764477829,
        0.10636982065553494,
        0.18543046357615894,
        0.5981323458380293,
        0.2604936330765603,
        0.16183574879227053,
        0.7233057045343735,
        0.18458669981354878,
        0.07056161283686484
    ],
    "perf_model_accuracy_val": 0.3082050468179654,
    "perf_f1_val": [
        0.2815964523281596,
        0.18809201623815966,
        0.46376811594202894,
        0.17780360255665312,
        0.14215686274509803,
        0.1534195933456562,
        0.19999999999999998,
        0.24123076923076922,
        0.13302961275626424,
        0.48183421516754854,
        0.1044776119402985,
        0.5838041431261771
    ],
    "perf_macro_f1_w_val": 0.2749724960383917,
    "perf_macro_f1_avg_val": 0.2626010829480678,
    "perf_confusion_val": [
        [
            381,
            34,
            75,
            81,
            24,
            120,
            44,
            215,
            67,
            11,
            39,
            24
        ],
        [
            91,
            146,
            34,
            37,
            12,
            22,
            651,
            214,
            56,
            246,
            11,
            51
        ],
        [
            179,
            30,
            153,
            225,
            65,
            84,
            44,
            181,
            40,
            11,
            39,
            32
        ],
        [
            33,
            6,
            36,
            683,
            46,
            34,
            25,
            43,
            27,
            1,
            25,
            28
        ],
        [
            68,
            22,
            74,
            295,
            87,
            69,
            17,
            71,
            36,
            3,
            44,
            29
        ],
        [
            173,
            21,
            32,
            97,
            32,
            139,
            25,
            117,
            65,
            5,
            37,
            22
        ],
        [
            18,
            108,
            16,
            13,
            5,
            0,
            896,
            59,
            6,
            390,
            4,
            22
        ],
        [
            296,
            124,
            85,
            144,
            48,
            82,
            186,
            392,
            76,
            64,
            27,
            67
        ],
        [
            132,
            6,
            25,
            48,
            12,
            69,
            16,
            131,
            83,
            3,
            12,
            11
        ],
        [
            1,
            36,
            2,
            1,
            1,
            0,
            262,
            12,
            0,
            775,
            0,
            6
        ],
        [
            88,
            4,
            40,
            71,
            24,
            32,
            8,
            26,
            23,
            1,
            72,
            6
        ],
        [
            131,
            87,
            66,
            153,
            53,
            62,
            153,
            198,
            55,
            49,
            15,
            77
        ]
    ],
    "perf_kappa_val": 0.2365479228973153,
    "perf_within_class_accuracy_val": [
        0.3417040358744395,
        0.09293443666454487,
        0.14127423822714683,
        0.6919959473150963,
        0.1067484662576687,
        0.18169934640522875,
        0.58295380611581,
        0.24638592080452545,
        0.15145985401459855,
        0.7071167883211679,
        0.18227848101265823,
        0.07006369426751592
    ],