{
    "model_name": "logite_baseline_8_sic",
    "meta_runtime": 8.26973819732666,
    "meta_trainval_counts": [
        [
            35000,
            7500
        ],
        [
            35000,
            7500
        ],
        [
            35000,
            7500
        ],
        [
            35000,
            7500
        ],
        [
            35000,
            7500
        ],
        [
            35000,
            7500
        ],
        [
            35000,
            7500
        ],
        [
            35000,
            7500
        ],
        [
            35000,
            7500
        ],
        [
            35000,
            7500
        ],
        [
            82419,
            17139
        ],
        [
            20000,
            5000
        ]
    ],
    "perf_model_accuracy_train": 0.3483098632020317,
    "perf_f1_train": [
        0.27384897975482175,
        0.19378807620523295,
        0.0008975765433330009,
        0.14782762901223623,
        0.12617714297699198,
        0.31075455333911534,
        0.33295853634836686,
        0.08244561620733089,
        0.34457137216543876,
        0.6188127750818192,
        0.1738795471293629,
        0.6075359722299983
    ],
    "perf_macro_f1_w_train": 0.31343166738851924,
    "perf_macro_f1_avg_train": 0.26779148141617065,
    "perf_confusion_train": [
        [
            10287,
            1203,
            1096,
            1023,
            3730,
            7100,
            2993,
            1716,
            593,
            2874,
            2380,
            5
        ],
        [
            132,
            27128,
            218,
            291,
            6945,
            108,
            60,
            18,
            10,
            42,
            39,
            9
        ],
        [
            4119,
            3667,
            1931,
            2888,
            9479,
            5590,
            1212,
            1773,
            460,
            1518,
            2355,
            8
        ],
        [
            2362,
            3954,
            1495,
            5191,
            9533,
            3929,
            981,
            1989,
            557,
            1559,
            3442,
            8
        ],
        [
            1158,
            8634,
            1168,
            1895,
            19199,
            1352,
            249,
            431,
            67,
            341,
            496,
            10
        ],
        [
            4550,
            336,
            915,
            1283,
            2656,
            14332,
            2712,
            1148,
            541,
            2661,
            3866,
            0
        ],
        [
            4270,
            1033,
            1218,
            1725,
            3930,
            6428,
            5503,
            1652,
            1162,
            3716,
            4363,
            0
        ],
        [
            5024,
            523,
            1325,
            2871,
            2891,
            4043,
            1930,
            4168,
            1839,
            3726,
            6660,
            0
        ],
        [
            2441,
            433,
            683,
            2275,
            2428,
            3595,
            2019,
            3081,
            3008,
            4342,
            10695,
            0
        ],
        [
            3434,
            299,
            546,
            1456,
            1522,
            4843,
            2290,
            1755,
            1287,
            11993,
            5574,
            1
        ],
        [
            2088,
            470,
            834,
            3264,
            2535,
            5685,
            1788,
            3579,
            3140,
            4199,
            54833,
            4
        ],
        [
            264,
            6625,
            414,
            546,
            11589,
            235,
            57,
            80,
            15,
            68,
            98,
            9
        ]
    ],
    "perf_kappa_train": 0.2764460898508865,
    "perf_within_class_accuracy_train": [
        0.29391428571428574,
        0.7750857142857143,
        0.05517142857142857,
        0.1483142857142857,
        0.5485428571428571,
        0.4094857142857143,
        0.15722857142857144,
        0.11908571428571428,
        0.08594285714285714,
        0.3426571428571429,
        0.665295623581941,
        0.00045
    ],
    "perf_model_accuracy_val": 0.3462358064217256,
    "perf_f1_val": [
        0.27307427570239656,
        0.19472817133443163,
        0.0003992015968063872,
        0.1415441176470588,
        0.12693615413675857,
        0.31429872034798445,
        0.35294117647058826,
        0.08868074930251098,
        0.33058939743167604,
        0.6358880319292379,
        0.14920155716215142,
        0.5902010179425223
    ],
    "perf_macro_f1_w_val": 0.31003969588223923,
    "perf_macro_f1_avg_val": 0.26654021425034363,
    "perf_confusion_val": [
        [
            2182,
            316,
            217,
            225,
            908,
            1511,
            625,
            313,
            169,
            597,
            437,
            0
        ],
        [
            20,
            5740,
            50,
            84,
            1538,
            24,
            15,
            8,
            0,
            14,
            5,
            2
        ],
        [
            877,
            831,
            445,
            632,
            2087,
            1109,
            245,
            401,
            97,
            280,
            494,
            2
        ],
        [
            517,
            965,
            332,
            939,
            2082,
            864,
            173,
            361,
            165,
            304,
            797,
            1
        ],
        [
            243,
            1883,
            265,
            415,
            4016,
            328,
            67,
            90,
            25,
            68,
            99,
            1
        ],
        [
            996,
            87,
            215,
            247,
            555,
            3107,
            622,
            219,
            122,
            562,
            768,
            0
        ],
        [
            855,
            195,
            278,
            395,
            808,
            1455,
            1182,
            368,
            260,
            791,
            913,
            0
        ],
        [
            1043,
            136,
            238,
            574,
            674,
            895,
            358,
            847,
            543,
            822,
            1367,
            3
        ],
        [
            496,
            72,
            174,
            550,
            553,
            859,
            468,
            638,
            672,
            977,
            2041,
            0
        ],
        [
            720,
            43,
            93,
            415,
            213,
            955,
            502,
            332,
            309,
            2712,
            1206,
            0
        ],
        [
            467,
            86,
            119,
            466,
            428,
            1106,
            371,
            864,
            723,
            719,
            11790,
            0
        ],
        [
            65,
            1597,
            110,
            145,
            2934,
            58,
            12,
            27,
            3,
            22,
            26,
            1
        ]
    ],
    "perf_kappa_val": 0.27554463167227294,