{
    "model_name": "logite_baseline_32_mor",
    "meta_runtime": 0.7871413230895996,
    "meta_trainval_counts": [
        [
            5681,
            1471
        ],
        [
            3191,
            814
        ],
        [
            5647,
            1401
        ],
        [
            2401,
            619
        ],
        [
            4225,
            1060
        ],
        [
            5494,
            1313
        ],
        [
            3746,
            910
        ],
        [
            3871,
            1033
        ],
        [
            3111,
            740
        ],
        [
            4065,
            1010
        ],
        [
            2057,
            511
        ],
        [
            1389,
            338
        ]
    ],
    "perf_model_accuracy_train": 0.3627166986051072,
    "perf_f1_train": [
        0.3180377889919024,
        0.31052244297277415,
        0.517832193543643,
        0.30790491984521834,
        0.33420966151823855,
        0.2952042628774423,
        0.3676429567642957,
        0.27544669745031114,
        0.1543907420013615,
        0.490393760700019,
        0.21812778603268948,
        0.6135405105438402
    ],
    "perf_macro_f1_w_train": 0.3418323965835047,
    "perf_macro_f1_avg_train": 0.350271143603478,
    "perf_confusion_train": [
        [
            1372,
            239,
            464,
            661,
            469,
            304,
            434,
            159,
            411,
            731,
            206,
            231
        ],
        [
            142,
            1017,
            55,
            163,
            132,
            35,
            344,
            17,
            298,
            179,
            606,
            203
        ],
        [
            114,
            22,
            3521,
            12,
            111,
            412,
            32,
            1292,
            38,
            67,
            18,
            8
        ],
        [
            341,
            75,
            12,
            831,
            98,
            29,
            147,
            3,
            305,
            349,
            109,
            102
        ],
        [
            617,
            254,
            423,
            350,
            734,
            225,
            358,
            131,
            384,
            407,
            217,
            125
        ],
        [
            545,
            88,
            2245,
            203,
            338,
            567,
            174,
            722,
            174,
            301,
            63,
            74
        ],
        [
            355,
            411,
            59,
            178,
            193,
            43,
            1114,
            14,
            354,
            478,
            307,
            240
        ],
        [
            13,
            4,
            983,
            0,
            11,
            74,
            6,
            2764,
            7,
            6,
            2,
            1
        ],
        [
            179,
            252,
            32,
            268,
            147,
            48,
            270,
            8,
            1055,
            407,
            203,
            242
        ],
        [
            505,
            161,
            133,
            422,
            189,
            88,
            389,
            26,
            442,
            1355,
            102,
            253
        ],
        [
            44,
            272,
            18,
            45,
            44,
            11,
            132,
            1,
            104,
            39,
            1289,
            58
        ],
        [
            54,
            100,
            7,
            96,
            39,
            15,
            90,
            2,
            112,
            137,
            78,
            659
        ]
    ],
    "perf_kappa_train": 0.3004978921459326,
    "perf_within_class_accuracy_train": [
        0.24150677697588452,
        0.31870886869319964,
        0.6235169116344962,
        0.3461057892544773,
        0.17372781065088758,
        0.10320349472151438,
        0.29738387613454353,
        0.7140273831051408,
        0.3391192542590807,
        0.3333333333333333,
        0.6266407389402042,
        0.4744420446364291
    ],
    "perf_model_accuracy_val": 0.36105169340463455,
    "perf_f1_val": [
        0.3151400094921689,
        0.3132969034608379,
        0.508158508158508,
        0.30880713489409134,
        0.35294117647058826,
        0.28087508821453777,
        0.358683314415437,
        0.27276310603074494,
        0.13603147835862844,
        0.5064102564102564,
        0.21930870083432658,
        0.6044142614601019
    ],
    "perf_macro_f1_w_val": 0.3405448390740193,
    "perf_macro_f1_avg_val": 0.3480691615166856,
    "perf_confusion_val": [
        [
            346,
            53,
            129,
            168,
            131,
            89,
            125,
            35,
            117,
            185,
            38,
            55
        ],
        [
            37,
            276,
            8,
            36,
            38,
            14,
            91,
            3,
            65,
            45,
            143,
            58
        ],
        [
            32,
            6,
            872,
            3,
            17,
            97,
            9,
            336,
            11,
            13,
            4,
            1
        ],
        [
            104,
            23,
            4,
            199,
            27,
            6,
            41,
            0,
            70,
            95,
            19,
            31
        ],
        [
            140,
            79,
            129,
            81,
            184,
            60,
            78,
            35,
            88,
            99,
            51,
            36
        ],
        [
            128,
            26,
            542,
            50,
            84,
            121,
            39,
            187,
            47,
            60,
            16,
            13
        ],
        [
            82,
            93,
            13,
            50,
            42,
            16,
            277,
            4,
            92,
            113,
            65,
            63
        ],
        [
            2,
            2,
            280,
            0,
            7,
            23,
            2,
            712,
            2,
            0,
            1,
            2
        ],
        [
            43,
            50,
            9,
            56,
            29,
            13,
            71,
            1,
            258,
            107,
            44,
            59
        ],
        [
            125,
            41,
            34,
            124,
            47,
            27,
            90,
            7,
            110,
            332,
            21,
            52
        ],
        [
            12,
            77,
            7,
            10,
            10,
            0,
            36,
            2,
            13,
            13,
            316,
            15
        ],
        [
            15,
            24,
            4,
            21,
            2,
            0,
            25,
            1,
            34,
            35,
            19,
            158
        ]
    ],
    "perf_kappa_val": 0.2980713069678642,
    "perf_within_class_accuracy_val": [
        0.23521414004078858,
        0.33906633906633904,
        0.622412562455389,
        0.32148626817447495,
        0.17358490566037735,
        0.09215536938309216,
        0.30439560439560437,
        0.6892545982575025,
        0.34864864864864864,
        0.3287128712871287,
        0.6183953033268101,
        0.46745562130177515
    ],