{
    "model_name": "logite_baseline_8_bic",
    "meta_runtime": 3.8669378757476807,
    "meta_trainval_counts": [
        [
            29689,
            7423
        ],
        [
            19818,
            4955
        ],
        [
            19088,
            4773
        ],
        [
            17430,
            4358
        ],
        [
            17974,
            4494
        ],
        [
            17431,
            4358
        ],
        [
            16412,
            4103
        ],
        [
            16099,
            4025
        ],
        [
            17315,
            4329
        ],
        [
            16524,
            4131
        ],
        [
            11074,
            2769
        ],
        [
            15034,
            3762
        ]
    ],
    "perf_model_accuracy_train": 0.31406624027528424,
    "perf_f1_train": [
        0.2732716986339174,
        0.21540852732346605,
        0.47123754491239767,
        0.17614629554928063,
        0.16724875407134168,
        0.30882117630923267,
        0.2712730714623758,
        0.07993247520573961,
        0.052061310782241015,
        0.42088169269713904,
        0.16947462154942117,
        0.5674784318008081
    ],
    "perf_macro_f1_w_train": 0.2762330068333691,
    "perf_macro_f1_avg_train": 0.26443630002478,
    "perf_confusion_train": [
        [
            19083,
            6406,
            768,
            876,
            683,
            390,
            404,
            656,
            37,
            219,
            63,
            104
        ],
        [
            5859,
            12991,
            198,
            207,
            151,
            122,
            51,
            83,
            4,
            122,
            18,
            12
        ],
        [
            10873,
            3106,
            591,
            787,
            881,
            627,
            429,
            1028,
            88,
            304,
            123,
            251
        ],
        [
            4353,
            1153,
            480,
            947,
            1278,
            2146,
            1280,
            2908,
            403,
            765,
            480,
            1237
        ],
        [
            4597,
            1236,
            475,
            847,
            2379,
            1227,
            1127,
            2370,
            732,
            727,
            509,
            1748
        ],
        [
            1724,
            342,
            212,
            503,
            489,
            4951,
            1526,
            3510,
            392,
            1548,
            962,
            1272
        ],
        [
            1133,
            172,
            236,
            597,
            1066,
            2186,
            2620,
            1992,
            1238,
            978,
            1172,
            3022
        ],
        [
            846,
            68,
            155,
            383,
            489,
            2193,
            955,
            6755,
            360,
            1382,
            737,
            1776
        ],
        [
            968,
            184,
            159,
            384,
            1043,
            1099,
            1854,
            2106,
            2131,
            1205,
            1309,
            4873
        ],
        [
            1232,
            208,
            234,
            424,
            746,
            2132,
            1197,
            3189,
            732,
            3049,
            1222,
            2159
        ],
        [
            384,
            50,
            54,
            142,
            394,
            1264,
            874,
            1671,
            802,
            999,
            2866,
            1574
        ],
        [
            250,
            51,
            54,
            168,
            502,
            467,
            1019,
            1380,
            1249,
            487,
            595,
            8812
        ]
    ],
    "perf_kappa_train": 0.2439938209953404,
    "perf_within_class_accuracy_train": [
        0.6427633130115531,
        0.6555151882127359,
        0.030961860854987425,
        0.054331612162937463,
        0.13235785022810725,
        0.2840341919568585,
        0.1596392883256154,
        0.4195912789614262,
        0.12307248050822986,
        0.1845194868070685,
        0.2588044067184396,
        0.5861380870027937
    ],
    "perf_model_accuracy_val": 0.31703440538519073,
    "perf_f1_val": [
        0.28452524367539156,
        0.2067791802581194,
        0.4747683816282279,
        0.17172264355362948,
        0.1783834004335708,
        0.30961344229180054,
        0.2714312868275993,
        0.09146548792927575,
        0.05743302398879356,
        0.418073676132003,
        0.17929864253393663,
        0.5707270016662281
    ],
    "perf_macro_f1_w_val": 0.27995898597876095,
    "perf_macro_f1_avg_val": 0.2678517842432147,
    "perf_confusion_val": [
        [
            4817,
            1577,
            191,
            191,
            180,
            96,
            93,
            165,
            6,
            66,
            14,
            27
        ],
        [
            1464,
            3254,
            57,
            53,
            39,
            19,
            10,
            21,
            0,
            27,
            4,
            7
        ],
        [
            2769,
            760,
            164,
            168,
            213,
            163,
            94,
            272,
            14,
            68,
            26,
            62
        ],
        [
            1075,
            296,
            118,
            269,
            351,
            525,
            345,
            702,
            96,
            182,
            113,
            286
        ],
        [
            1108,
            305,
            118,
            229,
            634,
            317,
            276,
            589,
            172,
            169,
            133,
            444
        ],
        [
            440,
            80,
            65,
            126,
            120,
            1299,
            379,
            867,
            98,
            377,
            220,
            287
        ],
        [
            295,
            30,
            67,
            145,
            266,
            527,
            634,
            458,
            363,
            277,
            261,
            780
        ],
        [
            204,
            13,
            41,
            75,
            132,
            594,
            212,
            1686,
            84,
            366,
            186,
            432
        ],
        [
            228,
            43,
            53,
            93,
            235,
            274,
            465,
            512,
            576,
            295,
            344,
            1211
        ],
        [
            316,
            54,
            40,
            91,
            181,
            537,
            317,
            796,
            196,
            729,
            321,
            553
        ],
        [
            82,
            21,
            9,
            44,
            88,
            306,
            217,
            456,
            186,
            252,
            714,
            394
        ],
        [
            71,
            15,
            15,
            40,
            139,
            116,
            239,
            342,
            338,
            112,
            156,
            2179
        ]
    ],
    "perf_kappa_val": 0.24720026298701636,