{
    "model_name": "logite_baseline_32_sic",
    "meta_runtime": 6.698911905288696,
    "meta_trainval_counts": [
        [
            35000,
            7500
        ],
        [
            35000,
            7500
        ],
        [
            16469,
            5908
        ],
        [
            44367,
            9377
        ],
        [
            35000,
            7500
        ],
        [
            35000,
            7500
        ],
        [
            35000,
            7500
        ],
        [
            35000,
            7500
        ],
        [
            28277,
            1602
        ],
        [
            18326,
            3342
        ],
        [
            18294,
            4435
        ],
        [
            35000,
            7500
        ]
    ],
    "perf_model_accuracy_train": 0.376651120887539,
    "perf_f1_train": [
        0.4107369399469936,
        0.2685886555366959,
        0.45034755008475447,
        0.23279265362169585,
        0.18943054276099341,
        0.29795443410093087,
        0.3279835500841189,
        0.27159181504119057,
        0.14322014322014323,
        0.5813602234078388,
        0.28082079669062393,
        0.6206996177437993
    ],
    "perf_macro_f1_w_train": 0.35347499260197046,
    "perf_macro_f1_avg_train": 0.3396272435199816,
    "perf_confusion_train": [
        [
            19793,
            1382,
            247,
            74,
            1504,
            8421,
            348,
            2761,
            136,
            143,
            38,
            153
        ],
        [
            5401,
            9436,
            1430,
            866,
            5774,
            3187,
            2150,
            2017,
            1206,
            1762,
            775,
            996
        ],
        [
            30,
            1188,
            4865,
            1856,
            1226,
            12,
            3097,
            66,
            470,
            1671,
            1366,
            622
        ],
        [
            251,
            2813,
            1065,
            26751,
            683,
            12,
            1569,
            75,
            2661,
            1836,
            2571,
            4080
        ],
        [
            5486,
            4714,
            1551,
            710,
            9198,
            4835,
            2624,
            2224,
            1237,
            1094,
            639,
            688
        ],
        [
            4681,
            437,
            64,
            18,
            741,
            27929,
            127,
            801,
            49,
            78,
            4,
            71
        ],
        [
            1014,
            1525,
            1662,
            1714,
            2390,
            998,
            16350,
            329,
            2282,
            3392,
            1809,
            1535
        ],
        [
            14693,
            2755,
            331,
            132,
            3649,
            8295,
            804,
            3410,
            285,
            331,
            72,
            243
        ],
        [
            400,
            2820,
            726,
            3757,
            3717,
            307,
            6134,
            375,
            5425,
            1088,
            1188,
            2340
        ],
        [
            212,
            1062,
            1632,
            1019,
            1098,
            264,
            3952,
            120,
            841,
            5301,
            1801,
            1024
        ],
        [
            133,
            771,
            844,
            2609,
            576,
            89,
            3434,
            75,
            1090,
            1131,
            6141,
            1401
        ],
        [
            807,
            3300,
            1770,
            8156,
            2178,
            643,
            4024,
            366,
            2649,
            3320,
            2749,
            5038
        ]
    ],
    "perf_kappa_train": 0.31523959117628375,
    "perf_within_class_accuracy_train": [
        0.5655142857142857,
        0.2696,
        0.29540348533608596,
        0.6029481371289472,
        0.2628,
        0.7979714285714286,
        0.46714285714285714,
        0.09742857142857143,
        0.19185203522297273,
        0.2892611590090582,
        0.33568383076418495,
        0.14394285714285715
    ],
    "perf_model_accuracy_val": 0.36365403556062414,
    "perf_f1_val": [
        0.4329620838658633,
        0.195351137487636,
        0.455329807959922,
        0.08126573175116864,
        0.18837879044553618,
        0.3532374855703641,
        0.2439684329199549,
        0.27462308017472176,
        0.13816959873492787,
        0.5314227445929265,
        0.2894954507857734,
        0.6252147766323023
    ],
    "perf_macro_f1_w_val": 0.34946906924264537,
    "perf_macro_f1_avg_val": 0.3174515934100914,
    "perf_confusion_val": [
        [
            4090,
            305,
            58,
            21,
            342,
            1707,
            113,
            718,
            67,
            31,
            16,
            32
        ],
        [
            701,
            2100,
            283,
            269,
            1188,
            572,
            691,
            401,
            382,
            471,
            203,
            239
        ],
        [
            23,
            176,
            1683,
            641,
            736,
            26,
            1115,
            17,
            90,
            644,
            577,
            180
        ],
        [
            0,
            737,
            139,
            4951,
            161,
            0,
            280,
            3,
            878,
            74,
            1041,
            1113
        ],
        [
            620,
            930,
            434,
            283,
            1949,
            1084,
            794,
            338,
            349,
            329,
            180,
            210
        ],
        [
            1153,
            64,
            12,
            0,
            147,
            5822,
            41,
            217,
            6,
            27,
            3,
            8
        ],
        [
            260,
            272,
            361,
            309,
            372,
            69,
            3557,
            78,
            730,
            788,
            379,
            325
        ],
        [
            3190,
            585,
            98,
            38,
            808,
            1697,
            196,
            699,
            57,
            76,
            15,
            41
        ],
        [
            13,
            232,
            46,
            266,
            205,
            2,
            279,
            39,
            226,
            69,
            66,
            159
        ],
        [
            274,
            211,
            91,
            384,
            198,
            95,
            502,
            21,
            137,
            790,
            207,
            432
        ],
        [
            74,
            98,
            109,
            544,
            50,
            6,
            863,
            3,
            423,
            728,
            1082,
            455
        ],
        [
            67,
            1298,
            307,
            1550,
            538,
            44,
            500,
            84,
            615,
            719,
            666,
            1112
        ]
    ],
    "perf_kappa_val": 0.3010063734434184,