{
    "model_name": "logite_baseline_64_sic",
    "meta_runtime": 2.6825456619262695,
    "meta_trainval_counts": [
        [
            35000,
            7500
        ],
        [
            35000,
            7500
        ],
        [
            5956,
            292
        ],
        [
            12727,
            4958
        ],
        [
            35000,
            7500
        ],
        [
            22793,
            1649
        ],
        [
            6090,
            3237
        ],
        [
            43,
            326
        ],
        [
            2261,
            609
        ],
        [
            37,
            1
        ],
        [
            327,
            21
        ],
        [
            1146,
            19
        ]
    ],
    "perf_model_accuracy_train": 0.5079357974165495,
    "perf_f1_train": [
        0.5012088139807971,
        0.0,
        0.5525366359235402,
        0.0,
        0.003423192126658109,
        0.0,
        0.0,
        0.30995483846064775,
        0.2896566631840617,
        0.6701708278580814,
        0.46085428093433,
        0.7182725226125298
    ],
    "perf_macro_f1_w_train": 0.4867437625009184,
    "perf_macro_f1_avg_train": 0.29217314792338717,
    "perf_confusion_train": [
        [
            21058,
            4556,
            43,
            1463,
            5152,
            2529,
            195,
            0,
            4,
            0,
            0,
            0
        ],
        [
            4101,
            26960,
            9,
            803,
            1925,
            1109,
            92,
            0,
            1,
            0,
            0,
            0
        ],
        [
            2,
            0,
            4845,
            72,
            9,
            382,
            638,
            0,
            8,
            0,
            0,
            0
        ],
        [
            1201,
            992,
            228,
            4015,
            2345,
            3407,
            533,
            0,
            6,
            0,
            0,
            0
        ],
        [
            12644,
            6044,
            135,
            2996,
            8040,
            4559,
            558,
            0,
            24,
            0,
            0,
            0
        ],
        [
            2144,
            1245,
            835,
            3240,
            2793,
            10881,
            1629,
            0,
            26,
            0,
            0,
            0
        ],
        [
            37,
            159,
            878,
            390,
            107,
            889,
            3628,
            0,
            2,
            0,
            0,
            0
        ],
        [
            0,
            0,
            10,
            0,
            0,
            20,
            13,
            0,
            0,
            0,
            0,
            0
        ],
        [
            3,
            15,
            1304,
            53,
            10,
            240,
            632,
            0,
            4,
            0,
            0,
            0
        ],
        [
            0,
            0,
            4,
            6,
            0,
            14,
            13,
            0,
            0,
            0,
            0,
            0
        ],
        [
            23,
            0,
            31,
            35,
            17,
            83,
            138,
            0,
            0,
            0,
            0,
            0
        ],
        [
            10,
            98,
            181,
            107,
            116,
            315,
            318,
            0,
            1,
            0,
            0,
            0
        ]
    ],
    "perf_kappa_train": 0.4002870132251316,
    "perf_within_class_accuracy_train": [
        0.6016571428571429,
        0.7702857142857142,
        0.8134654130288784,
        0.31547104580812446,
        0.2297142857142857,
        0.47738340718641686,
        0.5957307060755337,
        0.0,
        0.0017691287041132243,
        0.0,
        0.0,
        0.0
    ],
    "perf_model_accuracy_val": 0.467690110674759,
    "perf_f1_val": [
        0.511441647597254,
        0.0,
        0.5375589693963954,
        0.0,
        0.003273322422258592,
        0.0,
        0.0,
        0.36400765794511813,
        0.27896851975887477,
        0.27032136105860116,
        0.31948012694574573,
        0.6892704938581098
    ],
    "perf_macro_f1_w_val": 0.45702491592533495,
    "perf_macro_f1_avg_val": 0.24786017491519644,
    "perf_confusion_val": [
        [
            4444,
            1041,
            7,
            296,
            1119,
            564,
            29,
            0,
            0,
            0,
            0,
            0
        ],
        [
            1080,
            5499,
            1,
            179,
            440,
            262,
            39,
            0,
            0,
            0,
            0,
            0
        ],
        [
            0,
            0,
            286,
            0,
            0,
            2,
            4,
            0,
            0,
            0,
            0,
            0
        ],
        [
            425,
            406,
            69,
            1426,
            954,
            1405,
            272,
            0,
            1,
            0,
            0,
            0
        ],
        [
            2789,
            1237,
            17,
            684,
            1666,
            1022,
            85,
            0,
            0,
            0,
            0,
            0
        ],
        [
            37,
            161,
            60,
            90,
            156,
            1057,
            88,
            0,
            0,
            0,
            0,
            0
        ],
        [
            257,
            112,
            610,
            197,
            109,
            611,
            1341,
            0,
            0,
            0,
            0,
            0
        ],
        [
            0,
            0,
            200,
            1,
            0,
            0,
            125,
            0,
            0,
            0,
            0,
            0
        ],
        [
            1,
            0,
            556,
            1,
            0,
            30,
            20,
            0,
            1,
            0,
            0,
            0
        ],
        [
            0,
            0,
            1,
            0,
            0,
            0,
            0,
            0,
            0,
            0,
            0,
            0
        ],
        [
            1,
            0,
            1,
            3,
            0,
            14,
            2,
            0,
            0,
            0,
            0,
            0
        ],
        [
            0,
            0,
            16,
            0,
            0,
            1,
            2,
            0,
            0,
            0,
            0,
            0
        ]
    ],
    "perf_kappa_val": 0.3573389737254278,
    "perf_within_class_accuracy_val": [
        0.5925333333333334,
        0.7332,
        0.9794520547945206,
        0.2876159741831384,
        0.22213333333333332,
        0.6409945421467557,
        0.41427247451343835,
        0.0,
        0.0016420361247947454,
        0.0,
        0.0,
        0.0
    ],
    "meta_class_names": [
        "countryside_agriculture",
        "wild_countryside",
        "urbanity",
        "open_sprawl",
        "urban_buffer",
        "warehouse_park_land",
        "accessible_suburbia",
        "gridded_residential_quarters",
        "dense_urban_neighbourhoods",
        "disconnected_suburbia",
        "dense_residential_neighbourhoods",
        "connected_residential_neighbourhoods"
    ],
    "meta_n_class": 12,