{
    "model_name": "logite_baseline_16_bic",
    "meta_runtime": 2.2675116062164307,
    "meta_trainval_counts": [
        [
            19424,
            4856
        ],
        [
            19661,
            4916
        ],
        [
            18353,
            4589
        ],
        [
            15516,
            3880
        ],
        [
            16648,
            4162
        ],
        [
            2039,
            510
        ],
        [
            3607,
            902
        ],
        [
            19379,
            4845
        ],
        [
            6152,
            1538
        ],
        [
            4248,
            1062
        ],
        [
            4600,
            1151
        ],
        [
            2955,
            741
        ]
    ],
    "perf_model_accuracy_train": 0.3789730129278484,
    "perf_f1_train": [
        0.5153488712451063,
        0.07249466950959488,
        0.4415336984996428,
        0.09222113502935421,
        0.029706945002007223,
        0.12626758259731766,
        0.11686390532544377,
        0.10841893153781884,
        0.09773842917251052,
        0.28203849606063625,
        0.29940343027591354,
        0.6415526063984691
    ],
    "perf_macro_f1_w_train": 0.3183760281321421,
    "perf_macro_f1_avg_train": 0.23529905838781792,
    "perf_confusion_train": [
        [
            11124,
            4777,
            932,
            547,
            1211,
            35,
            13,
            657,
            33,
            17,
            1,
            77
        ],
        [
            3267,
            15421,
            339,
            172,
            345,
            2,
            5,
            97,
            3,
            4,
            0,
            6
        ],
        [
            8781,
            3945,
            1115,
            756,
            2113,
            22,
            25,
            1314,
            61,
            49,
            4,
            168
        ],
        [
            2939,
            1946,
            745,
            1103,
            2944,
            66,
            119,
            4562,
            249,
            250,
            24,
            569
        ],
        [
            3059,
            1774,
            782,
            1009,
            4818,
            83,
            124,
            3191,
            326,
            236,
            65,
            1181
        ],
        [
            31,
            6,
            3,
            38,
            189,
            158,
            138,
            963,
            118,
            96,
            37,
            262
        ],
        [
            154,
            30,
            63,
            94,
            462,
            57,
            170,
            1980,
            47,
            153,
            37,
            360
        ],
        [
            1029,
            313,
            260,
            573,
            1228,
            74,
            208,
            14085,
            371,
            333,
            42,
            863
        ],
        [
            277,
            90,
            110,
            277,
            838,
            53,
            58,
            3095,
            377,
            63,
            33,
            881
        ],
        [
            118,
            36,
            48,
            110,
            363,
            14,
            68,
            2733,
            42,
            386,
            18,
            312
        ],
        [
            149,
            66,
            56,
            109,
            712,
            63,
            117,
            1905,
            227,
            143,
            74,
            979
        ],
        [
            36,
            9,
            10,
            43,
            313,
            38,
            38,
            701,
            170,
            136,
            47,
            1414
        ]
    ],
    "perf_kappa_train": 0.2851245669083091,
    "perf_within_class_accuracy_train": [
        0.5726935749588138,
        0.7843446416764153,
        0.06075301040701793,
        0.07108790925496263,
        0.289404132628544,
        0.07748896517900931,
        0.04713057942888827,
        0.7268176892512513,
        0.061280884265279584,
        0.0908662900188324,
        0.01608695652173913,
        0.47851099830795263
    ],
    "perf_model_accuracy_val": 0.35997828185328185,
    "perf_f1_val": [
        0.48569594064350435,
        0.04838709677419355,
        0.42197452229299365,
        0.10269192422731804,
        0.017886178861788622,
        0.13611111111111113,
        0.03300330033003301,
        0.10516215697562847,
        0.09762758149854923,
        0.28660679422100743,
        0.29959828949073475,
        0.5922710959018446
    ],
    "perf_macro_f1_w_val": 0.3020273193730901,
    "perf_macro_f1_avg_val": 0.21891799936072556,
    "perf_confusion_val": [
        [
            2650,
            1153,
            323,
            198,
            307,
            1,
            9,
            182,
            8,
            5,
            0,
            20
        ],
        [
            1051,
            3548,
            104,
            60,
            92,
            2,
            0,
            54,
            0,
            2,
            0,
            3
        ],
        [
            2030,
            1141,
            286,
            230,
            473,
            1,
            8,
            360,
            8,
            9,
            1,
            42
        ],
        [
            650,
            409,
            187,
            274,
            688,
            8,
            23,
            1358,
            59,
            54,
            12,
            158
        ],
        [
            761,
            503,
            222,
            239,
            1156,
            15,
            19,
            780,
            78,
            46,
            15,
            328
        ],
        [
            4,
            12,
            1,
            3,
            26,
            10,
            34,
            286,
            19,
            16,
            5,
            94
        ],
        [
            32,
            10,
            7,
            24,
            61,
            1,
            27,
            603,
            12,
            27,
            7,
            91
        ],
        [
            391,
            197,
            98,
            168,
            269,
            12,
            15,
            3404,
            73,
            51,
            2,
            165
        ],
        [
            72,
            35,
            17,
            49,
            166,
            20,
            15,
            817,
            103,
            18,
            9,
            217
        ],
        [
            17,
            27,
            10,
            31,
            83,
            3,
            12,
            707,
            6,
            98,
            1,
            67
        ],
        [
            40,
            29,
            13,
            44,
            166,
            17,
            31,
            445,
            57,
            30,
            11,
            268
        ],
        [
            6,
            1,
            2,
            11,
            68,
            6,
            21,
            176,
            45,
            22,
            16,
            367
        ]
    ],
    "perf_kappa_val": 0.2625734219152225,