{
    "model_name": "logite_baseline_16_sic",
    "meta_runtime": 9.006247520446777,
    "meta_trainval_counts": [
        [
            35000,
            7500
        ],
        [
            35000,
            7500
        ],
        [
            35000,
            7500
        ],
        [
            35000,
            7500
        ],
        [
            35000,
            7500
        ],
        [
            35000,
            7500
        ],
        [
            35000,
            7500
        ],
        [
            35000,
            7500
        ],
        [
            35000,
            7500
        ],
        [
            35000,
            7500
        ],
        [
            35000,
            7500
        ],
        [
            61898,
            12876
        ]
    ],
    "perf_model_accuracy_train": 0.3584307828632037,
    "perf_f1_train": [
        0.3171354072256229,
        0.2644015953459082,
        0.40526515356697906,
        0.22386277959286255,
        0.08663573610953944,
        0.3673709559664818,
        0.3636655713764148,
        0.17034438033157623,
        0.11747911155897048,
        0.604170558041885,
        0.21740246845952377,
        0.5947932683193967
    ],
    "perf_macro_f1_w_train": 0.3286866895276803,
    "perf_macro_f1_avg_train": 0.3110439154912634,
    "perf_confusion_train": [
        [
            1914,
            730,
            441,
            3734,
            4761,
            1396,
            1223,
            3412,
            1985,
            3579,
            2310,
            9515
        ],
        [
            8,
            28239,
            852,
            68,
            16,
            563,
            4743,
            99,
            304,
            37,
            60,
            11
        ],
        [
            132,
            8916,
            2798,
            1211,
            163,
            2984,
            15053,
            555,
            1967,
            537,
            445,
            239
        ],
        [
            430,
            371,
            360,
            16857,
            1490,
            1746,
            767,
            3241,
            1054,
            1640,
            3790,
            3254
        ],
        [
            877,
            258,
            151,
            5068,
            12451,
            665,
            541,
            3566,
            878,
            2259,
            3410,
            4876
        ],
        [
            417,
            4982,
            1968,
            4847,
            972,
            5122,
            5537,
            1857,
            3127,
            2365,
            2390,
            1416
        ],
        [
            49,
            10366,
            2287,
            420,
            68,
            1484,
            18704,
            224,
            972,
            222,
            168,
            36
        ],
        [
            849,
            781,
            515,
            6093,
            3136,
            2103,
            1245,
            8817,
            1180,
            2137,
            5029,
            3115
        ],
        [
            643,
            3565,
            1856,
            3925,
            1071,
            3547,
            5687,
            2041,
            6350,
            2233,
            1371,
            2711
        ],
        [
            1240,
            347,
            539,
            3791,
            3527,
            2417,
            1142,
            2313,
            2480,
            7126,
            5167,
            4911
        ],
        [
            400,
            1240,
            655,
            5902,
            2242,
            2103,
            2089,
            3628,
            948,
            2992,
            11372,
            1429
        ],
        [
            2226,
            159,
            212,
            4855,
            3578,
            1007,
            574,
            1941,
            2172,
            3537,
            1205,
            40432
        ]
    ],
    "perf_kappa_train": 0.29651942637235384,
    "perf_within_class_accuracy_train": [
        0.05468571428571429,
        0.8068285714285715,
        0.07994285714285715,
        0.4816285714285714,
        0.35574285714285714,
        0.14634285714285714,
        0.5344,
        0.2519142857142857,
        0.18142857142857144,
        0.2036,
        0.3249142857142857,
        0.653203657630295
    ],
    "perf_model_accuracy_val": 0.3638126992115417,
    "perf_f1_val": [
        0.3562263147397115,
        0.22021812080536912,
        0.39942705136075307,
        0.20164730107368734,
        0.10476391231028667,
        0.3838094751367098,
        0.3969369996519318,
        0.1625087979979667,
        0.121283026225992,
        0.6223198051391128,
        0.20697973624959795,
        0.5985553136750446
    ],
    "perf_macro_f1_w_val": 0.3319038351385473,
    "perf_macro_f1_avg_val": 0.31455632119718024,
    "perf_confusion_val": [
        [
            497,
            186,
            67,
            659,
            1037,
            250,
            145,
            533,
            547,
            1086,
            468,
            2025
        ],
        [
            2,
            6049,
            195,
            10,
            8,
            132,
            1012,
            13,
            70,
            4,
            3,
            2
        ],
        [
            19,
            1788,
            622,
            244,
            46,
            665,
            3315,
            159,
            372,
            109,
            121,
            40
        ],
        [
            91,
            77,
            85,
            3755,
            367,
            242,
            192,
            844,
            173,
            287,
            732,
            655
        ],
        [
            212,
            8,
            11,
            930,
            2851,
            92,
            32,
            851,
            379,
            397,
            605,
            1132
        ],
        [
            94,
            986,
            417,
            1213,
            179,
            1039,
            1245,
            473,
            654,
            441,
            464,
            295
        ],
        [
            9,
            2357,
            442,
            102,
            15,
            366,
            3904,
            49,
            194,
            37,
            20,
            5
        ],
        [
            141,
            233,
            183,
            1494,
            584,
            548,
            321,
            1575,
            278,
            457,
            830,
            856
        ],
        [
            153,
            762,
            396,
            881,
            166,
            856,
            941,
            501,
            1287,
            522,
            376,
            659
        ],
        [
            340,
            64,
            130,
            808,
            671,
            472,
            258,
            633,
            433,
            1371,
            1064,
            1256
        ],
        [
            84,
            174,
            151,
            1362,
            491,
            405,
            347,
            840,
            162,
            527,
            2679,
            278
        ],
        [
            346,
            28,
            58,
            609,
            450,
            220,
            336,
            333,
            387,
            860,
            179,
            9070
        ]
    ],
    "perf_kappa_val": 0.3022323792856775,