{
    "model_name": "logite_baseline_64_bic",
    "meta_runtime": 0.7583730220794678,
    "meta_trainval_counts": [
        [
            18021,
            4506
        ],
        [
            19084,
            4771
        ],
        [
            14337,
            3585
        ],
        [
            266,
            67
        ],
        [
            529,
            133
        ],
        [
            20,
            6
        ],
        [
            580,
            146
        ],
        [
            26,
            7
        ],
        [
            38,
            10
        ],
        [
            74,
            19
        ],
        [
            54,
            16
        ],
        [
            13,
            4
        ]
    ],
    "perf_model_accuracy_train": 0.6022397345499793,
    "perf_f1_train": [
        0.0,
        0.0,
        0.5430215745754544,
        0.0,
        0.0,
        0.0,
        0.0,
        0.003401360544217687,
        0.5097514468270163,
        0.0,
        0.0037174721189591076,
        0.7519441115728819
    ],
    "perf_macro_f1_w_train": 0.5928912757005137,
    "perf_macro_f1_avg_train": 0.15098633046987744,
    "perf_confusion_train": [
        [
            9577,
            3094,
            5322,
            0,
            4,
            10,
            4,
            0,
            0,
            1,
            2,
            7
        ],
        [
            2534,
            14746,
            1761,
            4,
            4,
            21,
            1,
            0,
            1,
            8,
            2,
            2
        ],
        [
            4600,
            2096,
            7619,
            0,
            0,
            13,
            2,
            0,
            1,
            3,
            0,
            3
        ],
        [
            94,
            38,
            133,
            0,
            0,
            0,
            0,
            0,
            0,
            0,
            0,
            1
        ],
        [
            185,
            64,
            279,
            0,
            1,
            0,
            0,
            0,
            0,
            0,
            0,
            0
        ],
        [
            4,
            6,
            10,
            0,
            0,
            0,
            0,
            0,
            0,
            0,
            0,
            0
        ],
        [
            190,
            75,
            313,
            0,
            0,
            0,
            1,
            0,
            0,
            0,
            0,
            1
        ],
        [
            7,
            3,
            16,
            0,
            0,
            0,
            0,
            0,
            0,
            0,
            0,
            0
        ],
        [
            8,
            4,
            26,
            0,
            0,
            0,
            0,
            0,
            0,
            0,
            0,
            0
        ],
        [
            29,
            5,
            40,
            0,
            0,
            0,
            0,
            0,
            0,
            0,
            0,
            0
        ],
        [
            21,
            4,
            29,
            0,
            0,
            0,
            0,
            0,
            0,
            0,
            0,
            0
        ],
        [
            3,
            2,
            8,
            0,
            0,
            0,
            0,
            0,
            0,
            0,
            0,
            0
        ]
    ],
    "perf_kappa_train": 0.4095255416491774,
    "perf_within_class_accuracy_train": [
        0.5314355474169025,
        0.7726891636973381,
        0.5314221943223827,
        0.0,
        0.001890359168241966,
        0.0,
        0.0017241379310344827,
        0.0,
        0.0,
        0.0,
        0.0,
        0.0
    ],
    "perf_model_accuracy_val": 0.6039939713639789,
    "perf_f1_val": [
        0.0,
        0.0,
        0.541941350306888,
        0.0,
        0.0,
        0.0,
        0.0,
        0.0,
        0.5151232511658894,
        0.0,
        0.0,
        0.7543859649122807
    ],
    "perf_macro_f1_w_val": 0.5944144701212541,
    "perf_macro_f1_avg_val": 0.15095421386542152,
    "perf_confusion_val": [
        [
            2384,
            789,
            1328,
            0,
            0,
            2,
            1,
            0,
            0,
            0,
            0,
            2
        ],
        [
            625,
            3698,
            435,
            0,
            0,
            5,
            2,
            0,
            0,
            1,
            2,
            3
        ],
        [
            1142,
            504,
            1933,
            0,
            0,
            4,
            1,
            0,
            0,
            0,
            0,
            1
        ],
        [
            22,
            14,
            31,
            0,
            0,
            0,
            0,
            0,
            0,
            0,
            0,
            0
        ],
        [
            50,
            11,
            72,
            0,
            0,
            0,
            0,
            0,
            0,
            0,
            0,
            0
        ],
        [
            2,
            2,
            2,
            0,
            0,
            0,
            0,
            0,
            0,
            0,
            0,
            0
        ],
        [
            48,
            13,
            84,
            0,
            0,
            1,
            0,
            0,
            0,
            0,
            0,
            0
        ],
        [
            3,
            0,
            4,
            0,
            0,
            0,
            0,
            0,
            0,
            0,
            0,
            0
        ],
        [
            2,
            2,
            6,
            0,
            0,
            0,
            0,
            0,
            0,
            0,
            0,
            0
        ],
        [
            6,
            0,
            13,
            0,
            0,
            0,
            0,
            0,
            0,
            0,
            0,
            0
        ],
        [
            6,
            0,
            10,
            0,
            0,
            0,
            0,
            0,
            0,
            0,
            0,
            0
        ],
        [
            2,
            0,
            2,
            0,
            0,
            0,
            0,
            0,
            0,
            0,
            0,
            0
        ]
    ],
    "perf_kappa_val": 0.4124547525404979,
    "perf_within_class_accuracy_val": [
        0.5290723479804705,
        0.7750995598407042,
        0.5391910739191074,
        0.0,
        0.0,
        0.0,
        0.0,
        0.0,
        0.0,
        0.0,
        0.0,
        0.0
    ],
    "meta_class_names": [
        "countryside_agriculture",
        "wild_countryside",
        "urban_buffer",
        "accessible_suburbia",
        "warehouse_park_land",
        "gridded_residential_quarters",
        "open_sprawl",
        "connected_residential_neighbourhoods",
        "dense_residential_neighbourhoods",
        "dense_urban_neighbourhoods",
        "urbanity",
        "disconnected_suburbia"
    ],
    "meta_n_class": 12,
    "meta_preds_path": "/home/jovyan/data/spatial_signatures/chip_probs/prod_model_outputs/",
    "model_params": {
        "coefs": [
            {
                "urbanity": 0.0210680562338888,
                "dense_urban_neighbourhoods": -0.023722814293818482,
                "dense_residential_neighbourhoods": 0.010636002657681163,
                "connected_residential_neighbourhoods": -0.02010052265148442,