{
    "model_name": "maxprob_64_mor",
    "meta_runtime": 0.03237128257751465,
    "meta_trainval_counts": [
        [
            859,
            223
        ],
        [
            2074,
            503
        ],
        [
            3549,
            863
        ],
        [
            2505,
            592
        ],
        [
            952,
            225
        ],
        [
            3643,
            942
        ],
        [
            1882,
            468
        ],
        [
            5353,
            1326
        ],
        [
            3660,
            946
        ],
        [
            4570,
            1164
        ],
        [
            5070,
            1247
        ],
        [
            3867,
            997
        ]
    ],
    "perf_model_accuracy_train": 0.5829033277169334,
    "perf_f1_train": [
        0.5685416980847534,
        0.7355201499531396,
        0.5127467105263157,
        0.6537717601547388,
        0.7241632054727584,
        0.6049800184445128,
        0.750709823963657,
        0.5412735849056604,
        0.3621176470588235,
        0.7493051695386326,
        0.530289727831431,
        0.6662256037049289
    ],
    "perf_macro_f1_w_train": 0.5766065426830228,
    "perf_macro_f1_avg_train": 0.6166370916366127,
    "perf_confusion_train": [
        [
            674,
            41,
            66,
            22,
            7,
            5,
            7,
            22,
            7,
            5,
            1,
            2
        ],
        [
            84,
            1482,
            229,
            92,
            30,
            34,
            10,
            52,
            29,
            22,
            4,
            6
        ],
        [
            55,
            114,
            2873,
            100,
            32,
            65,
            7,
            167,
            81,
            48,
            4,
            3
        ],
        [
            12,
            47,
            136,
            1962,
            16,
            117,
            32,
            90,
            63,
            23,
            7,
            0
        ],
        [
            9,
            30,
            95,
            46,
            661,
            32,
            3,
            30,
            29,
            15,
            1,
            1
        ],
        [
            17,
            68,
            468,
            179,
            27,
            1885,
            95,
            436,
            233,
            175,
            39,
            21
        ],
        [
            13,
            31,
            167,
            73,
            3,
            128,
            984,
            273,
            127,
            72,
            6,
            5
        ],
        [
            28,
            69,
            556,
            169,
            18,
            364,
            141,
            2754,
            406,
            601,
            150,
            97
        ],
        [
            36,
            104,
            386,
            116,
            9,
            162,
            51,
            413,
            1812,
            358,
            128,
            85
        ],
        [
            8,
            18,
            209,
            64,
            6,
            167,
            37,
            480,
            286,
            1539,
            1194,
            562
        ],
        [
            4,
            12,
            52,
            6,
            0,
            22,
            4,
            93,
            83,
            901,
            2494,
            1399
        ],
        [
            0,
            3,
            3,
            1,
            0,
            7,
            0,
            13,
            18,
            171,
            630,
            3021
        ]
    ],
    "perf_kappa_train": 0.5366432251646683,
    "perf_within_class_accuracy_train": [
        0.7846332945285215,
        0.7145612343297975,
        0.8095238095238095,
        0.7832335329341318,
        0.694327731092437,
        0.5174306889925885,
        0.5228480340063762,
        0.5144778628806277,
        0.49508196721311476,
        0.33676148796498906,
        0.49191321499013807,
        0.7812257564003103
    ],
    "perf_model_accuracy_val": 0.581402695871946,
    "perf_f1_val": [
        0.5546318289786223,
        0.7293934681181959,
        0.5254648342764753,
        0.6371268656716419,
        0.73,
        0.5859085290482077,
        0.780373831775701,
        0.5148045795499409,
        0.3836657169990504,
        0.7345132743362831,
        0.5465631929046564,
        0.676056338028169
    ],
    "perf_macro_f1_w_val": 0.5750241922845741,
    "perf_macro_f1_avg_val": 0.6165418716405786,
    "perf_confusion_val": [
        [
            166,
            20,
            16,
            10,
            2,
            4,
            1,
            2,
            1,
            1,
            0,
            0
        ],
        [
            22,
            365,
            61,
            13,
            8,
            11,
            2,
            13,
            6,
            1,
            1,
            0
        ],
        [
            12,
            22,
            683,
            26,
            9,
            21,
            2,
            57,
            13,
            14,
            3,
            1
        ],
        [
            4,
            11,
            36,
            469,
            5,
            19,
            6,
            16,
            20,
            4,
            2,
            0
        ],
        [
            1,
            6,
            15,
            11,
            167,
            4,
            1,
            10,
            9,
            1,
            0,
            0
        ],
        [
            0,
            14,
            124,
            53,
            6,
            467,
            24,
            123,
            62,
            50,
            12,
            7
        ],
        [
            2,
            6,
            40,
            18,
            0,
            32,
            237,
            79,
            36,
            17,
            1,
            0
        ],
        [
            12,
            17,
            158,
            42,
            2,
            107,
            40,
            652,
            108,
            128,
            39,
            21
        ],
        [
            9,
            24,
            95,
            32,
            3,
            38,
            12,
            95,
            493,
            88,
            36,
            21
        ],
        [
            1,
            7,
            43,
            19,
            1,
            31,
            15,
            130,
            73,
            404,
            305,
            135
        ],
        [
            0,
            2,
            9,
            1,
            0,
            5,
            1,
            28,
            35,
            194,
            650,
            322
        ],
        [
            0,
            3,
            1,
            0,
            0,
            3,
            0,
            2,
            2,
            40,
            178,
            768
        ]
    ],
    "perf_kappa_val": 0.534810969216156,
    "perf_within_class_accuracy_val": [
        0.7443946188340808,
        0.7256461232604374,
        0.7914252607184241,
        0.7922297297297297,
        0.7422222222222222,
        0.49575371549893843,
        0.5064102564102564,
        0.4917043740573152,
        0.5211416490486258,
        0.3470790378006873,
        0.5212510024057738,
        0.7703109327983951
    ],