{
    "model_name": "maxprob_32_sic",
    "meta_runtime": 0.29780006408691406,
    "meta_trainval_counts": [
        [
            44367,
            9377
        ],
        [
            35000,
            7500
        ],
        [
            28277,
            1602
        ],
        [
            18326,
            3342
        ],
        [
            18294,
            4435
        ],
        [
            35000,
            7500
        ],
        [
            16469,
            5908
        ],
        [
            35000,
            7500
        ],
        [
            35000,
            7500
        ],
        [
            35000,
            7500
        ],
        [
            35000,
            7500
        ],
        [
            35000,
            7500
        ]
    ],
    "perf_model_accuracy_train": 0.3602430859945028,
    "perf_f1_train": [
        0.39847367082167384,
        0.27573198815659616,
        0.4179019998921892,
        0.23103091258689545,
        0.22371148932066917,
        0.2616393442622951,
        0.32406869220607665,
        0.27859519815186606,
        0.26133556876188196,
        0.5235891735387639,
        0.27240682041753195,
        0.6366592416212202
    ],
    "perf_macro_f1_w_train": 0.3565137093892143,
    "perf_macro_f1_avg_train": 0.34209534164480493,
    "perf_confusion_train": [
        [
            20254,
            7805,
            3257,
            2693,
            3053,
            1725,
            714,
            992,
            3607,
            126,
            138,
            3
        ],
        [
            5240,
            6960,
            2686,
            4315,
            2736,
            3999,
            1133,
            2514,
            3780,
            720,
            469,
            448
        ],
        [
            2328,
            3308,
            5467,
            1385,
            1144,
            5798,
            403,
            4408,
            3072,
            619,
            184,
            161
        ],
        [
            552,
            1177,
            824,
            6286,
            1789,
            3565,
            1045,
            1269,
            1265,
            242,
            131,
            181
        ],
        [
            1554,
            2084,
            1162,
            1530,
            6133,
            3326,
            603,
            730,
            916,
            140,
            86,
            30
        ],
        [
            957,
            2128,
            2289,
            4421,
            1761,
            15664,
            1038,
            2819,
            1880,
            800,
            646,
            597
        ],
        [
            1157,
            957,
            489,
            2361,
            1463,
            3164,
            3591,
            1552,
            1599,
            126,
            6,
            4
        ],
        [
            376,
            886,
            1147,
            1354,
            617,
            2610,
            1011,
            10130,
            5211,
            4936,
            3601,
            3121
        ],
        [
            475,
            1151,
            1154,
            2145,
            741,
            2131,
            964,
            6415,
            9969,
            4458,
            3317,
            2080
        ],
        [
            65,
            372,
            323,
            431,
            73,
            927,
            215,
            3955,
            3624,
            8729,
            10536,
            5750
        ],
        [
            31,
            249,
            183,
            218,
            38,
            455,
            207,
            1770,
            2376,
            8095,
            15505,
            5873
        ],
        [
            10,
            146,
            69,
            130,
            8,
            256,
            57,
            1168,
            893,
            2812,
            4585,
            24866
        ]
    ],
    "perf_kappa_train": 0.298081934919062,
    "perf_within_class_accuracy_train": [
        0.4565104694930917,
        0.19885714285714284,
        0.19333734130211833,
        0.3430099312452254,
        0.3352465289165847,
        0.44754285714285713,
        0.21804602586678,
        0.2894285714285714,
        0.28482857142857143,
        0.2494,
        0.443,
        0.7104571428571429
    ],
    "perf_model_accuracy_val": 0.343696542429112,
    "perf_f1_val": [
        0.41760204081632657,
        0.19978947368421052,
        0.40277869665894805,
        0.07621045271805628,
        0.22526527100659594,
        0.33307060015763995,
        0.24040249371103575,
        0.2884653961885657,
        0.25344714379514116,
        0.4579390115667718,
        0.2846427901743859,
        0.6356071189941079
    ],
    "perf_macro_f1_w_val": 0.34895040790218096,
    "perf_macro_f1_avg_val": 0.3179350407893154,
    "perf_confusion_val": [
        [
            3484,
            2007,
            1006,
            133,
            1208,
            262,
            100,
            214,
            956,
            7,
            0,
            0
        ],
        [
            874,
            1571,
            616,
            918,
            690,
            451,
            236,
            578,
            1359,
            160,
            27,
            20
        ],
        [
            151,
            256,
            218,
            85,
            66,
            262,
            42,
            204,
            246,
            65,
            7,
            0
        ],
        [
            238,
            491,
            133,
            949,
            213,
            410,
            60,
            213,
            321,
            48,
            233,
            33
        ],
        [
            271,
            611,
            468,
            913,
            1099,
            740,
            88,
            55,
            136,
            8,
            44,
            2
        ],
        [
            158,
            477,
            747,
            1058,
            377,
            3274,
            274,
            432,
            357,
            147,
            165,
            34
        ],
        [
            330,
            307,
            90,
            875,
            638,
            1031,
            1479,
            854,
            260,
            20,
            13,
            11
        ],
        [
            150,
            294,
            314,
            428,
            178,
            730,
            340,
            2157,
            1063,
            733,
            371,
            742
        ],
        [
            151,
            295,
            359,
            604,
            198,
            612,
            209,
            1271,
            2277,
            741,
            399,
            384
        ],
        [
            26,
            69,
            68,
            102,
            18,
            207,
            77,
            848,
            807,
            1737,
            2302,
            1239
        ],
        [
            6,
            49,
            93,
            55,
            19,
            138,
            54,
            383,
            547,
            1846,
            3044,
            1266
        ],
        [
            0,
            21,
            7,
            38,
            4,
            63,
            14,
            246,
            170,
            695,
            1010,
            5232
        ]
    ],
    "perf_kappa_val": 0.28081254986497395,