{
    "model_name": "maxprob_8_sic",
    "meta_runtime": 0.35829663276672363,
    "meta_trainval_counts": [
        [
            82419,
            17139
        ],
        [
            35000,
            7500
        ],
        [
            35000,
            7500
        ],
        [
            35000,
            7500
        ],
        [
            35000,
            7500
        ],
        [
            35000,
            7500
        ],
        [
            35000,
            7500
        ],
        [
            35000,
            7500
        ],
        [
            35000,
            7500
        ],
        [
            35000,
            7500
        ],
        [
            20000,
            5000
        ],
        [
            35000,
            7500
        ]
    ],
    "perf_model_accuracy_train": 0.3207491285732916,
    "perf_f1_train": [
        0.23960180008182191,
        0.19406537895444553,
        0.27325896098752395,
        0.19230821591450548,
        0.20436631544733064,
        0.3177865311792354,
        0.30467306484886536,
        0.12658140577062293,
        0.1654942867927118,
        0.5848161486226097,
        0.18551233927002633,
        0.6239578649881174
    ],
    "perf_macro_f1_w_train": 0.31622742079078514,
    "perf_macro_f1_avg_train": 0.2843685260714847,
    "perf_confusion_train": [
        [
            44008,
            11926,
            7432,
            1563,
            1977,
            975,
            6994,
            1611,
            3483,
            1020,
            1125,
            305
        ],
        [
            6696,
            7545,
            5260,
            1759,
            1965,
            1199,
            4400,
            1333,
            2401,
            1038,
            1110,
            294
        ],
        [
            3697,
            4622,
            7063,
            1691,
            1846,
            2730,
            5187,
            2414,
            2932,
            1251,
            1313,
            254
        ],
        [
            2801,
            3302,
            2974,
            5340,
            1951,
            2345,
            7997,
            2180,
            1857,
            1808,
            1822,
            623
        ],
        [
            3367,
            4326,
            3331,
            2580,
            8492,
            2395,
            6243,
            1050,
            1724,
            522,
            822,
            148
        ],
        [
            1422,
            1789,
            3388,
            2798,
            1541,
            7028,
            9265,
            2182,
            1207,
            1386,
            2219,
            775
        ],
        [
            2514,
            1894,
            2091,
            2336,
            1291,
            2467,
            16700,
            1812,
            1337,
            1258,
            1128,
            172
        ],
        [
            1332,
            1381,
            2948,
            983,
            714,
            2259,
            6765,
            3672,
            3161,
            3140,
            6196,
            2449
        ],
        [
            1869,
            1757,
            3061,
            779,
            738,
            1350,
            4574,
            2967,
            5807,
            2957,
            6473,
            2668
        ],
        [
            281,
            211,
            707,
            136,
            173,
            676,
            1592,
            2364,
            2391,
            4823,
            15646,
            6000
        ],
        [
            64,
            50,
            159,
            26,
            37,
            155,
            262,
            875,
            794,
            2358,
            10349,
            4871
        ],
        [
            32,
            35,
            41,
            42,
            20,
            85,
            123,
            558,
            511,
            1725,
            7542,
            24286
        ]
    ],
    "perf_kappa_train": 0.25434929408044493,
    "perf_within_class_accuracy_train": [
        0.5339545493150851,
        0.21557142857142858,
        0.2018,
        0.15257142857142858,
        0.24262857142857142,
        0.2008,
        0.47714285714285715,
        0.10491428571428571,
        0.1659142857142857,
        0.1378,
        0.51745,
        0.6938857142857143
    ],
    "perf_model_accuracy_val": 0.32310400560022234,
    "perf_f1_val": [
        0.2421832358674464,
        0.18860510805500982,
        0.29803966263961706,
        0.19026879044300649,
        0.1896040582383556,
        0.3195141029770396,
        0.3318562284588873,
        0.13490259740259739,
        0.16167192429022081,
        0.6041843104043161,
        0.15857239665687822,
        0.6061899679829241
    ],
    "perf_macro_f1_w_val": 0.3167685099394723,
    "perf_macro_f1_avg_val": 0.2854660319513583,
    "perf_confusion_val": [
        [
            9631,
            2268,
            1917,
            293,
            332,
            258,
            1260,
            209,
            515,
            217,
            187,
            52
        ],
        [
            1313,
            1439,
            1140,
            428,
            510,
            248,
            986,
            304,
            579,
            217,
            295,
            41
        ],
        [
            741,
            1050,
            1529,
            335,
            442,
            597,
            1058,
            437,
            597,
            257,
            386,
            71
        ],
        [
            615,
            651,
            687,
            1104,
            429,
            512,
            1709,
            483,
            459,
            373,
            375,
            103
        ],
        [
            810,
            812,
            694,
            541,
            2022,
            535,
            1170,
            201,
            521,
            82,
            87,
            25
        ],
        [
            285,
            371,
            653,
            595,
            335,
            1553,
            1900,
            445,
            253,
            327,
            553,
            230
        ],
        [
            508,
            375,
            468,
            543,
            282,
            596,
            3472,
            437,
            259,
            287,
            237,
            36
        ],
        [
            285,
            266,
            680,
            183,
            139,
            508,
            1274,
            831,
            691,
            682,
            1419,
            542
        ],
        [
            476,
            382,
            588,
            136,
            153,
            306,
            958,
            634,
            1053,
            677,
            1496,
            641
        ],
        [
            57,
            48,
            157,
            39,
            26,
            164,
            352,
            498,
            511,
            1025,
            3266,
            1357
        ],
        [
            19,
            8,
            41,
            4,
            13,
            38,
            70,
            209,
            209,
            618,
            2615,
            1156
        ],
        [
            2,
            9,
            18,
            6,
            3,
            10,
            24,
            132,
            134,
            418,
            1632,
            5112
        ]
    ],
    "perf_kappa_val": 0.2570207454214286,