{
    "model_name": "maxprob_32_mor",
    "meta_runtime": 0.03761863708496094,
    "meta_trainval_counts": [
        [
            2057,
            511
        ],
        [
            3191,
            814
        ],
        [
            3746,
            910
        ],
        [
            3111,
            740
        ],
        [
            1389,
            338
        ],
        [
            4065,
            1010
        ],
        [
            2401,
            619
        ],
        [
            5681,
            1471
        ],
        [
            4225,
            1060
        ],
        [
            5494,
            1313
        ],
        [
            5647,
            1401
        ],
        [
            3871,
            1033
        ]
    ],
    "perf_model_accuracy_train": 0.3561210392619992,
    "perf_f1_train": [
        0.3039566128435844,
        0.3136087012818852,
        0.48919354838709683,
        0.30864537444933926,
        0.33238332739579624,
        0.2967052537845058,
        0.33852691218130304,
        0.23061676576891688,
        0.27835895569908126,
        0.5152203543843706,
        0.2308810700785112,
        0.618058179070646
    ],
    "perf_macro_f1_w_train": 0.3485080035781339,
    "perf_macro_f1_avg_train": 0.35467958794375304,
    "perf_confusion_train": [
        [
            1134,
            266,
            159,
            147,
            101,
            47,
            53,
            52,
            60,
            23,
            15,
            0
        ],
        [
            441,
            933,
            380,
            394,
            282,
            167,
            166,
            122,
            161,
            87,
            46,
            12
        ],
        [
            169,
            345,
            1121,
            461,
            349,
            449,
            175,
            248,
            218,
            161,
            41,
            9
        ],
        [
            124,
            186,
            271,
            1211,
            300,
            357,
            251,
            120,
            150,
            112,
            23,
            6
        ],
        [
            51,
            78,
            80,
            122,
            717,
            123,
            92,
            40,
            48,
            29,
            7,
            2
        ],
        [
            62,
            118,
            363,
            580,
            352,
            1233,
            424,
            352,
            202,
            267,
            93,
            19
        ],
        [
            66,
            61,
            138,
            391,
            149,
            305,
            833,
            231,
            105,
            111,
            8,
            3
        ],
        [
            111,
            182,
            432,
            569,
            302,
            676,
            669,
            989,
            497,
            817,
            335,
            102
        ],
        [
            148,
            176,
            369,
            485,
            179,
            371,
            332,
            381,
            794,
            590,
            310,
            90
        ],
        [
            31,
            57,
            163,
            201,
            98,
            267,
            207,
            293,
            315,
            1530,
            1842,
            490
        ],
        [
            8,
            17,
            35,
            44,
            14,
            46,
            12,
            55,
            93,
            1407,
            3033,
            883
        ],
        [
            0,
            4,
            7,
            7,
            4,
            7,
            0,
            13,
            10,
            365,
            1000,
            2454
        ]
    ],
    "perf_kappa_train": 0.2929395784008798,
    "perf_within_class_accuracy_train": [
        0.5512882839086047,
        0.29238483234095897,
        0.299252536038441,
        0.38926390228222435,
        0.5161987041036717,
        0.3033210332103321,
        0.3469387755102041,
        0.17408906882591094,
        0.18792899408284025,
        0.2784856206771023,
        0.5370993447848416,
        0.6339447171273572
    ],
    "perf_model_accuracy_val": 0.34866310160427805,
    "perf_f1_val": [
        0.3037848605577689,
        0.3105263157894737,
        0.4772510340439072,
        0.29960871995528227,
        0.3412921348314607,
        0.27426160337552746,
        0.33365477338476374,
        0.22639821029082774,
        0.254820415879017,
        0.5208131655372701,
        0.2288382953882078,
        0.6006695361071258
    ],
    "perf_macro_f1_w_val": 0.34180450848799926,
    "perf_macro_f1_avg_val": 0.3476599220950527,
    "perf_confusion_val": [
        [
            269,
            78,
            38,
            29,
            26,
            17,
            11,
            9,
            19,
            8,
            5,
            2
        ],
        [
            96,
            243,
            100,
            106,
            79,
            40,
            37,
            37,
            38,
            28,
            8,
            2
        ],
        [
            37,
            78,
            268,
            119,
            84,
            108,
            45,
            66,
            55,
            36,
            12,
            2
        ],
        [
            23,
            37,
            72,
            295,
            74,
            90,
            62,
            28,
            26,
            25,
            8,
            0
        ],
        [
            15,
            14,
            23,
            41,
            173,
            26,
            22,
            11,
            3,
            6,
            3,
            1
        ],
        [
            13,
            30,
            78,
            143,
            75,
            305,
            125,
            95,
            54,
            64,
            25,
            3
        ],
        [
            12,
            12,
            44,
            90,
            45,
            87,
            195,
            72,
            27,
            32,
            3,
            0
        ],
        [
            20,
            40,
            121,
            154,
            74,
            167,
            170,
            253,
            132,
            224,
            95,
            21
        ],
        [
            26,
            54,
            86,
            110,
            48,
            87,
            78,
            107,
            196,
            139,
            108,
            21
        ],
        [
            9,
            18,
            38,
            56,
            17,
            57,
            55,
            69,
            81,
            337,
            440,
            136
        ],
        [
            1,
            5,
            9,
            13,
            1,
            14,
            3,
            16,
            16,
            331,
            750,
            242
        ],
        [
            1,
            1,
            2,
            4,
            3,
            0,
            0,
            1,
            6,
            102,
            285,
            628
        ]
    ],
    "perf_kappa_val": 0.2846740745055535,
    "perf_within_class_accuracy_val": [
        0.5264187866927593,
        0.2985257985257985,
        0.2945054945054945,
        0.39864864864864863,
        0.5118343195266272,
        0.30198019801980197,
        0.3150242326332795,
        0.17199184228416042,
        0.18490566037735848,
        0.25666412795125665,
        0.5353319057815846,
        0.6079380445304937
    ],