{
    "model_name": "maxprob_16_mor",
    "meta_runtime": 0.04150271415710449,
    "meta_trainval_counts": [
        [
            4127,
            987
        ],
        [
            3234,
            815
        ],
        [
            4224,
            1083
        ],
        [
            3020,
            765
        ],
        [
            1609,
            395
        ],
        [
            4444,
            1115
        ],
        [
            2070,
            548
        ],
        [
            6361,
            1591
        ],
        [
            4861,
            1099
        ],
        [
            6141,
            1571
        ],
        [
            6211,
            1537
        ],
        [
            4102,
            1096
        ]
    ],
    "perf_model_accuracy_train": 0.2792040314260773,
    "perf_f1_train": [
        0.15544538621461698,
        0.131704005431093,
        0.4718979825922677,
        0.04305705059203445,
        0.16938110749185667,
        0.18058902275769745,
        0.20201294033069736,
        0.10108749382105783,
        0.22661609232507465,
        0.4938996422346573,
        0.10665437221453818,
        0.5904163052905465
    ],
    "perf_macro_f1_w_train": 0.24722916289090813,
    "perf_macro_f1_avg_train": 0.23939678344134482,
    "perf_confusion_train": [
        [
            2692,
            367,
            38,
            59,
            83,
            27,
            524,
            48,
            107,
            118,
            60,
            4
        ],
        [
            1014,
            494,
            54,
            146,
            177,
            98,
            731,
            114,
            134,
            171,
            86,
            15
        ],
        [
            744,
            494,
            100,
            179,
            154,
            280,
            1336,
            218,
            183,
            387,
            140,
            9
        ],
        [
            329,
            197,
            30,
            291,
            110,
            184,
            1348,
            116,
            117,
            208,
            79,
            11
        ],
        [
            227,
            145,
            12,
            97,
            281,
            103,
            565,
            36,
            30,
            85,
            25,
            3
        ],
        [
            311,
            163,
            33,
            252,
            106,
            486,
            2088,
            238,
            116,
            403,
            204,
            44
        ],
        [
            165,
            49,
            15,
            81,
            41,
            71,
            1349,
            84,
            58,
            121,
            33,
            3
        ],
        [
            492,
            269,
            56,
            145,
            96,
            298,
            2454,
            409,
            326,
            1026,
            611,
            179
        ],
        [
            580,
            310,
            49,
            106,
            82,
            155,
            1452,
            226,
            347,
            855,
            543,
            156
        ],
        [
            164,
            84,
            24,
            38,
            37,
            90,
            879,
            181,
            168,
            1404,
            2327,
            745
        ],
        [
            49,
            25,
            7,
            3,
            6,
            14,
            134,
            50,
            52,
            1144,
            3497,
            1230
        ],
        [
            7,
            2,
            3,
            2,
            0,
            3,
            10,
            11,
            8,
            328,
            1005,
            2723
        ]
    ],
    "perf_kappa_train": 0.21398119112079317,
    "perf_within_class_accuracy_train": [
        0.6522897988853888,
        0.15275200989486704,
        0.023674242424242424,
        0.09635761589403974,
        0.17464263517712866,
        0.10936093609360936,
        0.6516908212560386,
        0.06429806634177017,
        0.07138448878831516,
        0.22862725940400586,
        0.5630333279665111,
        0.6638225255972696
    ],
    "perf_model_accuracy_val": 0.27820980796698935,
    "perf_f1_val": [
        0.15072083879423329,
        0.13085764809902742,
        0.454620235810255,
        0.045608108108108114,
        0.17606602475928476,
        0.19311064718162838,
        0.20057306590257878,
        0.11363636363636363,
        0.22851686823679185,
        0.48229088168801804,
        0.10678971654581411,
        0.5828810020876827
    ],
    "perf_macro_f1_w_val": 0.24733102340756355,
    "perf_macro_f1_avg_val": 0.2388059500708155,
    "perf_confusion_val": [
        [
            640,
            68,
            4,
            18,
            25,
            8,
            142,
            10,
            30,
            22,
            20,
            0
        ],
        [
            267,
            128,
            6,
            35,
            48,
            19,
            194,
            19,
            38,
            44,
            15,
            2
        ],
        [
            208,
            126,
            27,
            56,
            39,
            54,
            350,
            52,
            41,
            94,
            31,
            5
        ],
        [
            82,
            45,
            6,
            74,
            30,
            35,
            357,
            37,
            18,
            55,
            24,
            2
        ],
        [
            58,
            43,
            7,
            24,
            70,
            27,
            126,
            7,
            13,
            12,
            7,
            1
        ],
        [
            70,
            42,
            13,
            63,
            36,
            115,
            560,
            61,
            34,
            81,
            31,
            9
        ],
        [
            37,
            14,
            1,
            28,
            7,
            20,
            370,
            15,
            15,
            27,
            11,
            3
        ],
        [
            130,
            67,
            16,
            31,
            21,
            80,
            585,
            115,
            78,
            277,
            145,
            46
        ],
        [
            140,
            71,
            9,
            25,
            13,
            31,
            308,
            59,
            81,
            202,
            127,
            33
        ],
        [
            27,
            21,
            8,
            11,
            11,
            17,
            244,
            46,
            51,
            359,
            587,
            189
        ],
        [
            8,
            12,
            3,
            0,
            3,
            4,
            45,
            10,
            13,
            299,
            829,
            311
        ],
        [
            0,
            2,
            1,
            1,
            0,
            1,
            3,
            2,
            6,
            99,
            283,
            698
        ]
    ],
    "perf_kappa_val": 0.21269003542619658,
    "perf_within_class_accuracy_val": [
        0.6484295845997974,
        0.1570552147239264,
        0.024930747922437674,
        0.09673202614379085,
        0.17721518987341772,
        0.1031390134529148,
        0.6751824817518248,
        0.07228158390949088,
        0.07370336669699727,
        0.22851686823679185,
        0.5393623942745608,
        0.6368613138686131
    ],