{
    "model_name": "maxprob_64_bic",
    "meta_runtime": 0.043663740158081055,
    "meta_trainval_counts": [
        [
            54,
            16
        ],
        [
            74,
            19
        ],
        [
            38,
            10
        ],
        [
            26,
            7
        ],
        [
            20,
            6
        ],
        [
            266,
            67
        ],
        [
            13,
            4
        ],
        [
            580,
            146
        ],
        [
            529,
            133
        ],
        [
            14337,
            3585
        ],
        [
            18021,
            4506
        ],
        [
            19084,
            4771
        ]
    ],
    "perf_model_accuracy_train": 0.502469740959994,
    "perf_f1_train": [
        0.010112542815201436,
        0.0,
        0.4719123052402173,
        0.0,
        0.007326007326007325,
        0.0,
        0.0,
        0.031132891323147876,
        0.389651976068088,
        0.0,
        0.00676818950930626,
        0.7414045539455749
    ],
    "perf_macro_f1_w_train": 0.5328721777321426,
    "perf_macro_f1_avg_train": 0.1381923721856286,
    "perf_confusion_train": [
        [
            0,
            1,
            1,
            0,
            0,
            11,
            0,
            5,
            1,
            17,
            14,
            4
        ],
        [
            3,
            2,
            0,
            0,
            0,
            10,
            0,
            11,
            0,
            23,
            19,
            6
        ],
        [
            2,
            0,
            0,
            0,
            1,
            6,
            0,
            6,
            0,
            13,
            7,
            3
        ],
        [
            1,
            0,
            0,
            0,
            0,
            2,
            1,
            5,
            0,
            11,
            3,
            3
        ],
        [
            0,
            0,
            0,
            0,
            0,
            1,
            0,
            3,
            0,
            6,
            4,
            6
        ],
        [
            7,
            9,
            1,
            0,
            0,
            31,
            0,
            23,
            0,
            76,
            81,
            38
        ],
        [
            0,
            0,
            0,
            0,
            0,
            2,
            0,
            3,
            0,
            4,
            2,
            2
        ],
        [
            16,
            4,
            3,
            2,
            1,
            87,
            0,
            54,
            2,
            198,
            129,
            84
        ],
        [
            7,
            10,
            5,
            2,
            0,
            80,
            1,
            53,
            2,
            173,
            124,
            72
        ],
        [
            268,
            224,
            127,
            43,
            23,
            2167,
            17,
            1250,
            26,
            4624,
            3321,
            2247
        ],
        [
            239,
            131,
            109,
            15,
            32,
            2249,
            37,
            1029,
            25,
            3521,
            7254,
            3380
        ],
        [
            79,
            91,
            29,
            9,
            14,
            1219,
            10,
            447,
            6,
            731,
            1764,
            14685
        ]
    ],
    "perf_kappa_train": 0.31861706656129773,
    "perf_within_class_accuracy_train": [
        0.0,
        0.02702702702702703,
        0.0,
        0.0,
        0.0,
        0.11654135338345864,
        0.0,
        0.09310344827586207,
        0.003780718336483932,
        0.3225221454976634,
        0.40253038122190776,
        0.7694927688115699
    ],
    "perf_model_accuracy_val": 0.5027882441597589,
    "perf_f1_val": [
        0.013054830287206269,
        0.0,
        0.47290640394088673,
        0.02469135802469136,
        0.0,
        0.0,
        0.0,
        0.032,
        0.3855746545331985,
        0.0,
        0.0,
        0.7452648637698773
    ],
    "perf_macro_f1_w_val": 0.5331313975067616,
    "perf_macro_f1_avg_val": 0.13945767587965502,
    "perf_confusion_val": [
        [
            0,
            0,
            0,
            0,
            0,
            2,
            0,
            2,
            0,
            7,
            5,
            0
        ],
        [
            0,
            0,
            0,
            0,
            0,
            4,
            0,
            3,
            0,
            8,
            4,
            0
        ],
        [
            0,
            0,
            1,
            0,
            0,
            2,
            0,
            2,
            0,
            1,
            2,
            2
        ],
        [
            0,
            0,
            0,
            0,
            0,
            4,
            0,
            0,
            0,
            1,
            2,
            0
        ],
        [
            0,
            0,
            0,
            0,
            0,
            1,
            0,
            0,
            0,
            1,
            2,
            2
        ],
        [
            1,
            0,
            1,
            0,
            0,
            10,
            0,
            7,
            0,
            16,
            19,
            13
        ],
        [
            0,
            2,
            0,
            0,
            0,
            0,
            0,
            0,
            0,
            0,
            2,
            0
        ],
        [
            4,
            3,
            3,
            0,
            2,
            24,
            0,
            14,
            2,
            42,
            34,
            18
        ],
        [
            1,
            0,
            0,
            0,
            0,
            26,
            0,
            19,
            0,
            42,
            33,
            12
        ],
        [
            71,
            51,
            39,
            12,
            4,
            538,
            11,
            331,
            8,
            1144,
            847,
            529
        ],
        [
            53,
            36,
            21,
            3,
            12,
            557,
            8,
            243,
            4,
            898,
            1824,
            847
        ],
        [
            23,
            21,
            6,
            3,
            3,
            297,
            4,
            108,
            4,
            189,
            434,
            3679
        ]
    ],
    "perf_kappa_val": 0.31949359521742415,
    "perf_within_class_accuracy_val": [
        0.0,
        0.0,
        0.1,
        0.0,
        0.0,
        0.14925373134328357,
        0.0,
        0.0958904109589041,
        0.0,
        0.31910739191073917,
        0.4047936085219707,
        0.771117166212534
    ],
    "meta_class_names": [
        "urbanity",
        "dense_urban_neighbourhoods",
        "dense_residential_neighbourhoods",
        "connected_residential_neighbourhoods",
        "gridded_residential_quarters",
        "accessible_suburbia",
        "disconnected_suburbia",
        "open_sprawl",
        "warehouse_park_land",
        "urban_buffer",
        "countryside_agriculture",
        "wild_countryside"
    ],
    "meta_n_class": 12,
    "meta_preds_path": "/home/jovyan/data/spatial_signatures/chip_probs/prod_model_outputs/"
}