{
    "model_name": "maxprob_8_bic",
    "meta_runtime": 0.1724567413330078,
    "meta_trainval_counts": [
        [
            15034,
            3762
        ],
        [
            17315,
            4329
        ],
        [
            16412,
            4103
        ],
        [
            16524,
            4131
        ],
        [
            11074,
            2769
        ],
        [
            17431,
            4358
        ],
        [
            16099,
            4025
        ],
        [
            17430,
            4358
        ],
        [
            17974,
            4494
        ],
        [
            19088,
            4773
        ],
        [
            29689,
            7423
        ],
        [
            19818,
            4955
        ]
    ],
    "perf_model_accuracy_train": 0.29575759275882707,
    "perf_f1_train": [
        0.262404149751917,
        0.21355846226312547,
        0.41064087876541544,
        0.11872467852739123,
        0.11074166435762446,
        0.309767845321524,
        0.2714241057473317,
        0.1505275368723416,
        0.23132463204665368,
        0.40701020141250327,
        0.14248569942797715,
        0.5646283592731922
    ],
    "perf_macro_f1_w_train": 0.2761355566626952,
    "perf_macro_f1_avg_train": 0.26610318448058307,
    "perf_confusion_train": [
        [
            10114,
            578,
            432,
            477,
            601,
            450,
            1234,
            444,
            416,
            194,
            62,
            32
        ],
        [
            6378,
            1199,
            948,
            1210,
            1425,
            1138,
            2023,
            1078,
            822,
            556,
            403,
            135
        ],
        [
            4071,
            788,
            1348,
            932,
            1400,
            2240,
            2004,
            1615,
            786,
            747,
            377,
            104
        ],
        [
            2861,
            364,
            549,
            2947,
            1347,
            2134,
            3228,
            1250,
            486,
            800,
            425,
            133
        ],
        [
            2263,
            399,
            441,
            989,
            3039,
            1155,
            1646,
            431,
            306,
            238,
            134,
            33
        ],
        [
            1809,
            203,
            732,
            1421,
            1263,
            4654,
            3683,
            1457,
            266,
            942,
            763,
            238
        ],
        [
            2462,
            136,
            462,
            1240,
            832,
            1988,
            6785,
            1051,
            291,
            564,
            245,
            43
        ],
        [
            1730,
            224,
            584,
            664,
            585,
            1962,
            2986,
            2725,
            836,
            2484,
            1863,
            787
        ],
        [
            2442,
            386,
            506,
            635,
            582,
            1191,
            2387,
            2545,
            1781,
            2538,
            2109,
            872
        ],
        [
            355,
            46,
            166,
            255,
            150,
            583,
            1017,
            2439,
            542,
            4998,
            6285,
            2252
        ],
        [
            158,
            13,
            111,
            190,
            74,
            423,
            640,
            2858,
            365,
            7928,
            12187,
            4742
        ],
        [
            22,
            3,
            17,
            115,
            21,
            123,
            75,
            883,
            128,
            2135,
            4814,
            11482
        ]
    ],
    "perf_kappa_train": 0.22871507120979628,
    "perf_within_class_accuracy_train": [
        0.6727417852866835,
        0.0692463182211955,
        0.08213502315378991,
        0.17834664730089567,
        0.2744265847932093,
        0.26699558258275485,
        0.4214547487421579,
        0.15633964429145153,
        0.09908757093579615,
        0.2618398994132439,
        0.4104887332008488,
        0.5793722878191543
    ],
    "perf_model_accuracy_val": 0.29880329094988783,
    "perf_f1_val": [
        0.2793935991016283,
        0.20358588779641412,
        0.41120117907148124,
        0.11756298016794711,
        0.12424409015942826,
        0.3084903084903085,
        0.2681081081081081,
        0.16481948864259846,
        0.23161015378914213,
        0.40654356980887596,
        0.15490920777759926,
        0.5646385957992308
    ],
    "perf_macro_f1_w_val": 0.2797748149527359,
    "perf_macro_f1_avg_val": 0.2695922640593968,
    "perf_confusion_val": [
        [
            2510,
            151,
            107,
            109,
            158,
            113,
            314,
            115,
            100,
            50,
            27,
            8
        ],
        [
            1580,
            339,
            207,
            297,
            386,
            275,
            505,
            291,
            185,
            131,
            103,
            30
        ],
        [
            1044,
            207,
            329,
            265,
            314,
            536,
            468,
            438,
            191,
            191,
            96,
            24
        ],
        [
            737,
            83,
            159,
            704,
            372,
            512,
            825,
            280,
            111,
            206,
            111,
            31
        ],
        [
            536,
            102,
            109,
            258,
            744,
            272,
            468,
            120,
            66,
            49,
            33,
            12
        ],
        [
            431,
            46,
            184,
            355,
            272,
            1244,
            910,
            356,
            68,
            251,
            190,
            51
        ],
        [
            606,
            37,
            97,
            343,
            200,
            526,
            1695,
            243,
            73,
            140,
            55,
            10
        ],
        [
            404,
            56,
            142,
            161,
            138,
            484,
            723,
            751,
            219,
            619,
            449,
            212
        ],
        [
            601,
            96,
            110,
            158,
            149,
            307,
            595,
            658,
            482,
            605,
            532,
            201
        ],
        [
            91,
            9,
            31,
            60,
            28,
            157,
            274,
            577,
            115,
            1250,
            1603,
            578
        ],
        [
            40,
            2,
            17,
            51,
            16,
            99,
            168,
            712,
            93,
            1990,
            3069,
            1166
        ],
        [
            6,
            0,
            2,
            24,
            4,
            22,
            19,
            214,
            26,
            539,
            1236,
            2863
        ]
    ],
    "perf_kappa_val": 0.2319376238770342,