{
    "model_name": "maxprob_16_bic",
    "meta_runtime": 0.10824871063232422,
    "meta_trainval_counts": [
        [
            2955,
            741
        ],
        [
            4600,
            1151
        ],
        [
            6152,
            1538
        ],
        [
            3607,
            902
        ],
        [
            2039,
            510
        ],
        [
            19379,
            4845
        ],
        [
            4248,
            1062
        ],
        [
            15516,
            3880
        ],
        [
            16648,
            4162
        ],
        [
            18353,
            4589
        ],
        [
            19424,
            4856
        ],
        [
            19661,
            4916
        ]
    ],
    "perf_model_accuracy_train": 0.28538564812719674,
    "perf_f1_train": [
        0.2567441135194137,
        0.1493227618103733,
        0.3847184407277756,
        0.1324190476190476,
        0.0487101887880098,
        0.18563616478308423,
        0.04162968939088343,
        0.09427335199796386,
        0.24183222626311202,
        0.22310158968410998,
        0.24777298190834787,
        0.6234399427647791
    ],
    "perf_macro_f1_w_train": 0.2854213337988202,
    "perf_macro_f1_avg_train": 0.21913337493807503,
    "perf_confusion_train": [
        [
            1635,
            98,
            208,
            87,
            481,
            43,
            199,
            27,
            125,
            25,
            25,
            2
        ],
        [
            1407,
            169,
            447,
            369,
            783,
            212,
            416,
            78,
            482,
            115,
            89,
            33
        ],
        [
            1312,
            201,
            869,
            346,
            1149,
            546,
            479,
            248,
            563,
            176,
            230,
            33
        ],
        [
            602,
            143,
            166,
            678,
            548,
            235,
            578,
            76,
            364,
            94,
            114,
            9
        ],
        [
            376,
            246,
            255,
            333,
            258,
            118,
            306,
            33,
            78,
            11,
            24,
            1
        ],
        [
            1813,
            281,
            1911,
            1833,
            3625,
            3293,
            3364,
            528,
            1277,
            586,
            744,
            124
        ],
        [
            535,
            47,
            189,
            381,
            952,
            261,
            1273,
            108,
            321,
            76,
            90,
            15
        ],
        [
            1190,
            310,
            1292,
            627,
            998,
            768,
            1532,
            926,
            2705,
            1874,
            2224,
            1070
        ],
        [
            2094,
            525,
            1131,
            588,
            1132,
            376,
            933,
            815,
            4047,
            1743,
            2358,
            906
        ],
        [
            477,
            136,
            351,
            153,
            276,
            239,
            290,
            646,
            3031,
            4023,
            6784,
            1947
        ],
        [
            219,
            143,
            144,
            59,
            126,
            158,
            91,
            448,
            2374,
            4586,
            8902,
            2174
        ],
        [
            42,
            40,
            10,
            20,
            28,
            24,
            6,
            196,
            652,
            1609,
            5270,
            11764
        ]
    ],
    "perf_kappa_train": 0.20524745912072806,
    "perf_within_class_accuracy_train": [
        0.5532994923857868,
        0.03673913043478261,
        0.14125487646293888,
        0.18796784031050734,
        0.12653261402648358,
        0.16992620878270293,
        0.2996704331450094,
        0.05968032998195411,
        0.24309226333493514,
        0.2192012205089086,
        0.4582990115321252,
        0.5983418951223234
    ],
    "perf_model_accuracy_val": 0.2684604247104247,
    "perf_f1_val": [
        0.2469135802469136,
        0.17095890410958903,
        0.35135593220338984,
        0.1453287197231834,
        0.06439628482972137,
        0.23072497123130034,
        0.0737414322855117,
        0.08978943186332936,
        0.2348729792147806,
        0.23963133640552997,
        0.26194645984488363,
        0.5315509233035006
    ],
    "perf_macro_f1_w_val": 0.2697896597980991,
    "perf_macro_f1_avg_val": 0.22010091293846945,
    "perf_confusion_val": [
        [
            416,
            20,
            57,
            26,
            104,
            15,
            57,
            12,
            23,
            8,
            2,
            1
        ],
        [
            343,
            52,
            94,
            91,
            228,
            47,
            104,
            38,
            79,
            27,
            42,
            6
        ],
        [
            294,
            63,
            210,
            91,
            352,
            153,
            111,
            41,
            112,
            41,
            58,
            12
        ],
        [
            111,
            11,
            39,
            156,
            215,
            80,
            173,
            22,
            49,
            19,
            24,
            3
        ],
        [
            114,
            24,
            24,
            70,
            156,
            26,
            79,
            1,
            12,
            3,
            1,
            0
        ],
        [
            290,
            45,
            272,
            191,
            1484,
            800,
            707,
            147,
            282,
            225,
            328,
            74
        ],
        [
            100,
            13,
            30,
            56,
            258,
            64,
            401,
            28,
            61,
            22,
            14,
            15
        ],
        [
            331,
            68,
            273,
            98,
            454,
            219,
            425,
            226,
            694,
            342,
            597,
            153
        ],
        [
            562,
            98,
            243,
            84,
            309,
            93,
            270,
            184,
            1047,
            414,
            634,
            224
        ],
        [
            102,
            30,
            64,
            32,
            116,
            83,
            66,
            206,
            706,
            1017,
            1608,
            559
        ],
        [
            61,
            20,
            37,
            22,
            37,
            45,
            18,
            169,
            545,
            1311,
            2073,
            518
        ],
        [
            7,
            20,
            9,
            6,
            8,
            10,
            3,
            80,
            222,
            642,
            1563,
            2346
        ]
    ],
    "perf_kappa_val": 0.18717680128037395,