{
    "model_name": "maxprob_16_sic",
    "meta_runtime": 0.3674509525299072,
    "meta_trainval_counts": [
        [
            61898,
            12876
        ],
        [
            35000,
            7500
        ],
        [
            35000,
            7500
        ],
        [
            35000,
            7500
        ],
        [
            35000,
            7500
        ],
        [
            35000,
            7500
        ],
        [
            35000,
            7500
        ],
        [
            35000,
            7500
        ],
        [
            35000,
            7500
        ],
        [
            35000,
            7500
        ],
        [
            35000,
            7500
        ],
        [
            35000,
            7500
        ]
    ],
    "perf_model_accuracy_train": 0.3485336698754526,
    "perf_f1_train": [
        0.3131596785126368,
        0.269448030987734,
        0.3870631841227733,
        0.1948903540203526,
        0.1337808035286221,
        0.36359821767538514,
        0.34778892722610866,
        0.19503091099965006,
        0.19458156930336853,
        0.5873133949855448,
        0.2187599791593136,
        0.6048996173226049
    ],
    "perf_macro_f1_w_train": 0.33376423495487667,
    "perf_macro_f1_avg_train": 0.31752622232034117,
    "perf_confusion_train": [
        [
            34739,
            5140,
            3035,
            2917,
            3399,
            1401,
            6517,
            1364,
            2580,
            346,
            361,
            99
        ],
        [
            6982,
            3488,
            2697,
            4362,
            4069,
            2582,
            4670,
            1822,
            2105,
            698,
            895,
            630
        ],
        [
            3212,
            2393,
            5439,
            3027,
            3057,
            5460,
            4506,
            3296,
            2773,
            821,
            755,
            261
        ],
        [
            2199,
            1255,
            1384,
            10017,
            2230,
            5067,
            6875,
            2572,
            1104,
            776,
            922,
            599
        ],
        [
            3538,
            1456,
            1720,
            4719,
            10987,
            3779,
            6074,
            898,
            952,
            261,
            416,
            200
        ],
        [
            879,
            678,
            2024,
            4158,
            1706,
            11319,
            6762,
            2804,
            967,
            1107,
            1570,
            1026
        ],
        [
            2095,
            672,
            997,
            3769,
            981,
            3574,
            18197,
            2298,
            1076,
            535,
            539,
            267
        ],
        [
            869,
            755,
            1507,
            2422,
            725,
            2217,
            5230,
            6688,
            3109,
            3312,
            4048,
            4118
        ],
        [
            1728,
            1048,
            1531,
            2723,
            843,
            1278,
            4303,
            4728,
            6508,
            3195,
            4198,
            2917
        ],
        [
            132,
            186,
            314,
            747,
            118,
            396,
            1369,
            4011,
            1933,
            5814,
            12223,
            7757
        ],
        [
            20,
            58,
            149,
            339,
            55,
            138,
            503,
            2170,
            1012,
            5660,
            15612,
            9284
        ],
        [
            7,
            16,
            19,
            152,
            12,
            78,
            88,
            933,
            380,
            2234,
            4130,
            26951
        ]
    ],
    "perf_kappa_train": 0.2873033331894904,
    "perf_within_class_accuracy_train": [
        0.5612297650974183,
        0.09965714285714286,
        0.1554,
        0.2862,
        0.3139142857142857,
        0.3234,
        0.5199142857142857,
        0.19108571428571428,
        0.18594285714285713,
        0.16611428571428571,
        0.4460571428571429,
        0.7700285714285714
    ],
    "perf_model_accuracy_val": 0.35398842476094616,
    "perf_f1_val": [
        0.3509564293304995,
        0.22664293885852296,
        0.3840997843445824,
        0.17205702647657842,
        0.15322652823771593,
        0.3784853051996986,
        0.37459308047543344,
        0.18200969033073522,
        0.20540026922163274,
        0.6091508336564561,
        0.21558796718322698,
        0.6045464068719882
    ],
    "perf_macro_f1_w_val": 0.33761603373112875,
    "perf_macro_f1_avg_val": 0.32139635501558916,
    "perf_confusion_val": [
        [
            7855,
            972,
            812,
            479,
            458,
            207,
            894,
            295,
            531,
            94,
            260,
            19
        ],
        [
            1525,
            856,
            903,
            683,
            897,
            495,
            819,
            338,
            622,
            105,
            101,
            156
        ],
        [
            846,
            636,
            1056,
            800,
            540,
            1143,
            985,
            600,
            499,
            210,
            149,
            36
        ],
        [
            585,
            248,
            307,
            1783,
            397,
            809,
            1703,
            671,
            335,
            228,
            242,
            192
        ],
        [
            834,
            291,
            319,
            1148,
            2474,
            681,
            1118,
            130,
            459,
            22,
            21,
            3
        ],
        [
            163,
            133,
            376,
            924,
            385,
            2642,
            1538,
            541,
            186,
            223,
            236,
            153
        ],
        [
            469,
            130,
            216,
            948,
            239,
            673,
            4018,
            291,
            188,
            113,
            155,
            60
        ],
        [
            197,
            130,
            313,
            559,
            127,
            430,
            1285,
            1296,
            701,
            654,
            965,
            843
        ],
        [
            412,
            234,
            372,
            615,
            140,
            346,
            966,
            1050,
            1419,
            630,
            681,
            635
        ],
        [
            23,
            28,
            68,
            202,
            32,
            105,
            275,
            820,
            415,
            1297,
            2650,
            1585
        ],
        [
            3,
            11,
            28,
            72,
            13,
            18,
            113,
            505,
            216,
            1087,
            3295,
            2139
        ],
        [
            2,
            4,
            5,
            21,
            7,
            7,
            18,
            204,
            93,
            466,
            902,
            5771
        ]
    ],
    "perf_kappa_val": 0.2929965091206077,