{
    "model_name": "maxprob_32_bic",
    "meta_runtime": 0.06273555755615234,
    "meta_trainval_counts": [
        [
            464,
            119
        ],
        [
            686,
            172
        ],
        [
            703,
            176
        ],
        [
            441,
            111
        ],
        [
            294,
            74
        ],
        [
            2896,
            725
        ],
        [
            432,
            108
        ],
        [
            6482,
            1621
        ],
        [
            4012,
            1004
        ],
        [
            16806,
            4202
        ],
        [
            19061,
            4766
        ],
        [
            19423,
            4856
        ]
    ],
    "perf_model_accuracy_train": 0.42439330543933057,
    "perf_f1_train": [
        0.029321930360415388,
        0.025941939468807906,
        0.5143965888947444,
        0.0,
        0.08279700817533485,
        0.019660411081322608,
        0.020904229460379193,
        0.21191626409017714,
        0.3036165143487074,
        0.0562172463077656,
        0.0353901996370236,
        0.6780337119645855
    ],
    "perf_macro_f1_w_train": 0.4154316235691016,
    "perf_macro_f1_avg_train": 0.164849670315772,
    "perf_confusion_train": [
        [
            59,
            176,
            0,
            31,
            45,
            8,
            18,
            44,
            4,
            35,
            34,
            10
        ],
        [
            74,
            238,
            1,
            30,
            78,
            13,
            24,
            57,
            7,
            81,
            39,
            44
        ],
        [
            65,
            215,
            0,
            31,
            101,
            15,
            17,
            90,
            8,
            78,
            54,
            29
        ],
        [
            44,
            130,
            1,
            21,
            60,
            17,
            10,
            51,
            9,
            49,
            31,
            18
        ],
        [
            32,
            68,
            0,
            16,
            43,
            7,
            7,
            37,
            6,
            36,
            24,
            18
        ],
        [
            237,
            867,
            5,
            153,
            369,
            48,
            87,
            366,
            53,
            343,
            222,
            146
        ],
        [
            29,
            124,
            1,
            22,
            78,
            9,
            11,
            60,
            6,
            42,
            24,
            26
        ],
        [
            462,
            1537,
            5,
            318,
            982,
            109,
            210,
            987,
            122,
            836,
            526,
            388
        ],
        [
            313,
            1109,
            2,
            194,
            559,
            74,
            102,
            526,
            78,
            509,
            313,
            233
        ],
        [
            209,
            446,
            2,
            224,
            1021,
            54,
            117,
            460,
            74,
            4269,
            6816,
            3114
        ],
        [
            90,
            107,
            3,
            109,
            340,
            19,
            53,
            119,
            25,
            3733,
            10737,
            3726
        ],
        [
            21,
            46,
            0,
            29,
            144,
            5,
            31,
            36,
            4,
            1304,
            3865,
            13938
        ]
    ],
    "perf_kappa_train": 0.2729076725629581,
    "perf_within_class_accuracy_train": [
        0.1271551724137931,
        0.3469387755102041,
        0.0,
        0.047619047619047616,
        0.14625850340136054,
        0.016574585635359115,
        0.02546296296296296,
        0.15226781857451405,
        0.019441674975074777,
        0.25401642270617636,
        0.5632967840092336,
        0.7176028419914534
    ],
    "perf_model_accuracy_val": 0.41870190699230514,
    "perf_f1_val": [
        0.019656019656019652,
        0.014705882352941176,
        0.5067452023560706,
        0.0,
        0.07198306280875089,
        0.01652892561983471,
        0.0196078431372549,
        0.20310532941670165,
        0.30198940890224696,
        0.045368620037807186,
        0.027322404371584702,
        0.6712141882673943
    ],
    "perf_macro_f1_w_val": 0.40911607482852563,
    "perf_macro_f1_avg_val": 0.15818557391055058,
    "perf_confusion_val": [
        [
            12,
            51,
            0,
            10,
            15,
            0,
            0,
            14,
            2,
            11,
            4,
            0
        ],
        [
            14,
            51,
            0,
            10,
            25,
            4,
            4,
            12,
            1,
            21,
            22,
            8
        ],
        [
            14,
            57,
            0,
            6,
            22,
            2,
            5,
            24,
            2,
            19,
            8,
            17
        ],
        [
            12,
            32,
            0,
            3,
            15,
            4,
            8,
            15,
            1,
            12,
            3,
            6
        ],
        [
            4,
            15,
            0,
            3,
            10,
            1,
            2,
            13,
            1,
            15,
            6,
            4
        ],
        [
            73,
            211,
            1,
            34,
            85,
            8,
            14,
            118,
            9,
            81,
            50,
            41
        ],
        [
            8,
            29,
            0,
            8,
            9,
            1,
            2,
            19,
            2,
            14,
            11,
            5
        ],
        [
            116,
            390,
            1,
            77,
            262,
            26,
            36,
            242,
            28,
            197,
            138,
            108
        ],
        [
            87,
            268,
            1,
            51,
            142,
            16,
            26,
            151,
            15,
            119,
            71,
            57
        ],
        [
            42,
            103,
            2,
            54,
            246,
            22,
            23,
            116,
            22,
            1055,
            1760,
            757
        ],
        [
            24,
            29,
            1,
            29,
            79,
            5,
            8,
            33,
            8,
            924,
            2667,
            959
        ],
        [
            4,
            9,
            0,
            12,
            36,
            0,
            6,
            5,
            3,
            317,
            1020,
            3444
        ]
    ],
    "perf_kappa_val": 0.2652211471455628,
    "perf_within_class_accuracy_val": [
        0.10084033613445378,
        0.29651162790697677,
        0.0,
        0.02702702702702703,
        0.13513513513513514,
        0.011034482758620689,
        0.018518518518518517,
        0.14929056138186306,
        0.014940239043824702,
        0.2510709186101856,
        0.5595887536718422,
        0.7092257001647446
    ],