{
    "model_name": "maxprob_64_sic",
    "meta_runtime": 0.12532854080200195,
    "meta_trainval_counts": [
        [
            5956,
            292
        ],
        [
            2261,
            609
        ],
        [
            327,
            21
        ],
        [
            1146,
            19
        ],
        [
            43,
            326
        ],
        [
            6090,
            3237
        ],
        [
            37,
            1
        ],
        [
            12727,
            4958
        ],
        [
            22793,
            1649
        ],
        [
            35000,
            7500
        ],
        [
            35000,
            7500
        ],
        [
            35000,
            7500
        ]
    ],
    "perf_model_accuracy_train": 0.4896598030438675,
    "perf_f1_train": [
        0.49942935402876054,
        0.017993079584775085,
        0.5329757405827137,
        0.0043383947939262466,
        0.2492836676217765,
        0.007042253521126761,
        0.01392757660167131,
        0.3107081977374864,
        0.34123748949196625,
        0.5635185548792461,
        0.444570970667004,
        0.7071605930561337
    ],
    "perf_macro_f1_w_train": 0.48868105257361033,
    "perf_macro_f1_avg_train": 0.30768215604721555,
    "perf_confusion_train": [
        [
            2870,
            1884,
            60,
            46,
            131,
            506,
            37,
            47,
            362,
            12,
            1,
            0
        ],
        [
            500,
            783,
            36,
            39,
            87,
            506,
            0,
            71,
            208,
            15,
            2,
            14
        ],
        [
            2,
            30,
            2,
            0,
            9,
            120,
            0,
            36,
            82,
            23,
            23,
            0
        ],
        [
            20,
            154,
            21,
            13,
            20,
            263,
            5,
            107,
            309,
            142,
            21,
            71
        ],
        [
            4,
            4,
            6,
            1,
            5,
            8,
            0,
            0,
            15,
            0,
            0,
            0
        ],
        [
            516,
            223,
            94,
            112,
            246,
            3282,
            44,
            401,
            848,
            138,
            41,
            145
        ],
        [
            3,
            1,
            0,
            2,
            1,
            9,
            1,
            8,
            12,
            0,
            0,
            0
        ],
        [
            84,
            118,
            30,
            5,
            46,
            409,
            76,
            4010,
            3227,
            3003,
            1021,
            698
        ],
        [
            220,
            620,
            308,
            77,
            108,
            1292,
            72,
            3279,
            10541,
            3463,
            1946,
            867
        ],
        [
            9,
            150,
            19,
            3,
            13,
            446,
            5,
            2871,
            4761,
            10757,
            11100,
            4866
        ],
        [
            1,
            43,
            12,
            1,
            6,
            138,
            4,
            1423,
            2822,
            7499,
            19674,
            3377
        ],
        [
            1,
            11,
            7,
            0,
            3,
            74,
            3,
            832,
            1441,
            2995,
            4998,
            24635
        ]
    ],
    "perf_kappa_train": 0.3789349983770808,
    "perf_within_class_accuracy_train": [
        0.4818670248488919,
        0.34630694383016364,
        0.0061162079510703364,
        0.011343804537521814,
        0.11627906976744186,
        0.5389162561576355,
        0.02702702702702703,
        0.3150781802467196,
        0.4624665467468082,
        0.30734285714285714,
        0.5621142857142857,
        0.7038571428571428
    ],
    "perf_model_accuracy_val": 0.458764726883256,
    "perf_f1_val": [
        0.4748840024208191,
        0.0,
        0.5156668535476235,
        0.07936507936507936,
        0.42872008324661814,
        0.0,
        0.10462776659959759,
        0.3593029215786776,
        0.33369811045451225,
        0.1121251629726206,
        0.2994120307553143,
        0.6743630029373591
    ],
    "perf_macro_f1_w_val": 0.4632250383389364,
    "perf_macro_f1_avg_val": 0.2818470844898518,
    "perf_confusion_val": [
        [
            43,
            242,
            0,
            0,
            5,
            0,
            0,
            0,
            2,
            0,
            0,
            0
        ],
        [
            142,
            412,
            3,
            0,
            11,
            12,
            0,
            2,
            26,
            0,
            1,
            0
        ],
        [
            0,
            1,
            5,
            0,
            0,
            1,
            0,
            4,
            9,
            1,
            0,
            0
        ],
        [
            3,
            13,
            0,
            0,
            2,
            0,
            0,
            0,
            1,
            0,
            0,
            0
        ],
        [
            84,
            102,
            0,
            0,
            26,
            113,
            1,
            0,
            0,
            0,
            0,
            0
        ],
        [
            196,
            375,
            7,
            29,
            121,
            1177,
            8,
            230,
            626,
            181,
            202,
            85
        ],
        [
            1,
            0,
            0,
            0,
            0,
            0,
            0,
            0,
            0,
            0,
            0,
            0
        ],
        [
            4,
            77,
            0,
            9,
            4,
            237,
            25,
            1402,
            1344,
            1205,
            368,
            283
        ],
        [
            2,
            66,
            77,
            12,
            0,
            62,
            0,
            86,
            993,
            196,
            33,
            122
        ],
        [
            0,
            18,
            8,
            0,
            1,
            66,
            7,
            650,
            1029,
            2287,
            2510,
            924
        ],
        [
            0,
            7,
            5,
            0,
            1,
            22,
            1,
            290,
            625,
            1621,
            4139,
            789
        ],
        [
            0,
            0,
            0,
            1,
            0,
            30,
            6,
            182,
            329,
            716,
            1300,
            4936
        ]
    ],
    "perf_kappa_val": 0.34716005130029814,
    "perf_within_class_accuracy_val": [
        0.14726027397260275,
        0.6765188834154351,
        0.23809523809523808,
        0.0,
        0.07975460122699386,
        0.36360827927092987,
        0.0,
        0.2827753126260589,
        0.6021831412977562,
        0.30493333333333333,
        0.5518666666666666,
        0.6581333333333333
    ],