{
    "model_name": "maxprob_8_mor",
    "meta_runtime": 0.04566693305969238,
    "meta_trainval_counts": [
        [
            6530,
            1675
        ],
        [
            3487,
            896
        ],
        [
            4362,
            1067
        ],
        [
            3049,
            739
        ],
        [
            1880,
            447
        ],
        [
            4383,
            1079
        ],
        [
            1981,
            511
        ],
        [
            6329,
            1518
        ],
        [
            4889,
            1225
        ],
        [
            6308,
            1620
        ],
        [
            6605,
            1649
        ],
        [
            4281,
            1098
        ]
    ],
    "perf_model_accuracy_train": 0.29150950373493084,
    "perf_f1_train": [
        0.18638636072298423,
        0.12407164700742682,
        0.4420654911838791,
        0.1693121693121693,
        0.1455017862942514,
        0.17883563846896108,
        0.19812583668005357,
        0.12618152829973808,
        0.11513002364066192,
        0.5621965777954635,
        0.18002392344497609,
        0.5681434599156119
    ],
    "perf_macro_f1_w_train": 0.2698777581635455,
    "perf_macro_f1_avg_train": 0.24966453689718138,
    "perf_confusion_train": [
        [
            3532,
            757,
            502,
            119,
            352,
            108,
            280,
            116,
            545,
            33,
            165,
            21
        ],
        [
            731,
            448,
            418,
            152,
            440,
            163,
            275,
            117,
            458,
            47,
            214,
            24
        ],
        [
            415,
            354,
            704,
            141,
            653,
            449,
            363,
            255,
            537,
            102,
            364,
            25
        ],
        [
            263,
            178,
            287,
            284,
            471,
            348,
            437,
            164,
            302,
            64,
            232,
            19
        ],
        [
            178,
            141,
            164,
            96,
            666,
            142,
            184,
            57,
            155,
            29,
            58,
            10
        ],
        [
            209,
            151,
            519,
            223,
            707,
            727,
            593,
            365,
            340,
            121,
            393,
            35
        ],
        [
            105,
            89,
            179,
            119,
            235,
            233,
            556,
            141,
            179,
            40,
            101,
            4
        ],
        [
            250,
            210,
            603,
            190,
            586,
            654,
            762,
            554,
            784,
            325,
            1211,
            200
        ],
        [
            265,
            275,
            356,
            155,
            399,
            329,
            477,
            265,
            903,
            242,
            1050,
            173
        ],
        [
            69,
            53,
            164,
            42,
            220,
            220,
            269,
            288,
            580,
            487,
            3160,
            756
        ],
        [
            16,
            12,
            51,
            4,
            86,
            41,
            41,
            108,
            290,
            505,
            4212,
            1239
        ],
        [
            2,
            3,
            7,
            4,
            28,
            4,
            0,
            22,
            70,
            157,
            1291,
            2693
        ]
    ],
    "perf_kappa_train": 0.22185198822236385,
    "perf_within_class_accuracy_train": [
        0.5408882082695252,
        0.1284772010324061,
        0.16139385602934433,
        0.0931452935388652,
        0.35425531914893615,
        0.16586812685375313,
        0.28066633013629483,
        0.08753357560436088,
        0.18470034771937002,
        0.07720355104629043,
        0.6376987130961392,
        0.6290586311609437
    ],
    "perf_model_accuracy_val": 0.2937740313516711,
    "perf_f1_val": [
        0.17935349322210636,
        0.11838565022421524,
        0.4423558897243108,
        0.1596806387225549,
        0.15914786967418545,
        0.16828478964401294,
        0.19093078758949883,
        0.11407199625993454,
        0.1295774647887324,
        0.5562422744128553,
        0.18851485148514852,
        0.5900673400673401
    ],
    "perf_macro_f1_w_val": 0.2727282478962197,
    "perf_macro_f1_avg_val": 0.24971775381790795,
    "perf_confusion_val": [
        [
            900,
            191,
            124,
            27,
            108,
            20,
            92,
            21,
            139,
            6,
            41,
            6
        ],
        [
            189,
            127,
            101,
            34,
            114,
            49,
            47,
            26,
            137,
            12,
            55,
            5
        ],
        [
            95,
            102,
            160,
            57,
            160,
            100,
            84,
            74,
            125,
            26,
            82,
            2
        ],
        [
            73,
            37,
            76,
            66,
            116,
            75,
            104,
            43,
            82,
            19,
            46,
            2
        ],
        [
            44,
            24,
            49,
            22,
            160,
            30,
            41,
            16,
            37,
            3,
            19,
            2
        ],
        [
            50,
            50,
            128,
            43,
            159,
            172,
            151,
            99,
            92,
            27,
            98,
            10
        ],
        [
            24,
            22,
            34,
            25,
            69,
            63,
            130,
            37,
            62,
            13,
            32,
            0
        ],
        [
            81,
            61,
            141,
            41,
            164,
            172,
            187,
            122,
            173,
            56,
            291,
            29
        ],
        [
            64,
            67,
            80,
            46,
            83,
            81,
            120,
            65,
            238,
            52,
            284,
            45
        ],
        [
            33,
            18,
            29,
            15,
            66,
            65,
            67,
            71,
            124,
            138,
            811,
            183
        ],
        [
            5,
            1,
            12,
            0,
            23,
            11,
            10,
            41,
            75,
            119,
            1059,
            293
        ],
        [
            3,
            0,
            3,
            0,
            7,
            1,
            1,
            6,
            16,
            39,
            321,
            701
        ]
    ],
    "perf_kappa_val": 0.2240091113521009,
    "perf_within_class_accuracy_val": [
        0.5373134328358209,
        0.14174107142857142,
        0.14995313964386128,
        0.08930987821380243,
        0.3579418344519016,
        0.15940685820203893,
        0.25440313111545987,
        0.08036890645586298,
        0.19428571428571428,
        0.08518518518518518,
        0.6422073984232869,
        0.6384335154826958
    ],